"year","species","D","H"
1967,"fasy",34.2,24.49
1967,"fasy",41.5,25.92
1967,"fasy",39.1,25.5
1967,"fasy",29.6,23.31
1967,"fasy",32.8,24.16
1967,"fasy",44.4,26.39
1967,"fasy",50.2,27.18
1967,"fasy",30.5,23.56
1967,"fasy",44.6,26.42
1967,"fasy",23.4,21.21
1967,"fasy",40.3,25.72
1967,"fasy",40.7,25.79
1967,"fasy",38.5,25.39
1967,"fasy",40.8,25.8
1967,"fasy",51.2,27.3
1967,"fasy",37.4,25.17
1967,"fasy",45.7,26.58
1967,"fasy",30.8,23.64
1967,"fasy",48.7,26.99
1967,"fasy",41.3,25.89
1967,"fasy",41.1,25.85
1967,"fasy",44.4,26.39
1967,"fasy",28.6,23.02
1967,"fasy",45.9,26.61
1967,"fasy",40.6,25.77
1967,"fasy",33.6,24.35
1967,"fasy",23,21.05
1967,"fasy",21.5,20.41
1967,"fasy",21.3,20.32
1967,"fasy",39.8,25.63
1967,"fasy",19.9,19.65
1967,"fasy",30.5,23.56
1967,"fasy",30,23.42
1967,"fasy",26.6,22.38
1967,"fasy",36.4,24.97
1967,"fasy",27.1,22.55
1967,"fasy",24.4,21.6
1967,"fasy",19.4,19.4
1967,"fasy",42.6,26.1
1967,"fasy",30.4,23.53
1967,"fasy",33.9,24.42
1967,"fasy",32.3,24.03
1967,"fasy",37.3,25.15
1967,"fasy",39.7,25.61
1967,"fasy",46.5,26.69
1967,"fasy",38.8,25.44
1967,"fasy",36.1,24.9
1967,"fasy",46.9,26.75
1967,"fasy",25.7,22.07
1967,"fasy",27.9,22.8
1967,"fasy",42.6,26.1
1967,"fasy",47.1,26.77
1967,"fasy",41,25.84
1967,"fasy",31.4,23.8
1967,"fasy",27.4,22.64
1967,"fasy",27.2,22.58
1967,"fasy",38.5,25.39
1967,"fasy",40.7,25.79
1967,"fasy",40.2,25.7
1967,"fasy",31.4,23.8
1967,"fasy",38.3,25.35
1967,"fasy",24.9,21.79
1967,"fasy",47.9,26.88
1967,"fasy",51.7,27.36
1967,"fasy",30.3,23.51
1967,"fasy",37.2,25.13
1967,"fasy",22.5,20.84
1967,"fasy",46,26.62
1967,"fasy",37.7,25.23
1967,"fasy",21.4,20.36
1967,"fasy",42.3,26.06
1967,"fasy",29.5,23.28
1967,"fasy",39.9,25.64
1967,"fasy",36.3,24.95
1967,"fasy",37.7,25.23
1967,"fasy",30.7,23.62
1967,"fasy",39,25.48
1967,"fasy",29.4,23.25
1967,"fasy",29.7,23.34
1967,"fasy",41.8,25.97
1967,"fasy",44.6,26.42
1967,"fasy",39.3,25.53
1967,"fasy",37.9,25.27
1967,"fasy",33.2,24.25
1967,"fasy",43.4,26.23
1967,"fasy",39.6,25.59
1967,"fasy",43,26.17
1967,"fasy",47.8,26.87
1967,"fasy",40.1,25.68
1967,"fasy",46.2,26.65
1967,"fasy",18,18.65
1967,"fasy",64.5,28.6
1967,"fasy",30.3,23.51
1967,"fasy",39.4,25.55
1967,"fasy",42.3,26.06
1967,"fasy",36.8,25.05
1967,"fasy",44.5,26.4
1967,"fasy",27.3,22.61
1967,"fasy",35.7,24.82
1967,"fasy",38.2,25.33
1967,"fasy",35.5,24.78
1967,"fasy",43.1,26.18
1967,"fasy",41.9,25.99
1967,"fasy",35.2,24.71
1967,"fasy",30.6,23.59
1967,"fasy",19,19.19
1967,"fasy",41.3,25.89
1967,"fasy",24.3,21.56
1967,"fasy",26.2,22.25
1967,"fasy",36.4,24.97
1967,"fasy",32.8,24.16
1967,"fasy",18.6,18.98
1967,"fasy",41.4,25.91
1967,"fasy",36.9,25.07
1967,"fasy",37.5,25.19
1967,"fasy",44.3,26.37
1967,"fasy",17.4,18.31
1967,"fasy",47.2,26.79
1967,"fasy",36.1,24.9
1967,"fasy",40.3,25.72
1967,"fasy",43.5,26.25
1967,"fasy",30.1,23.45
1967,"fasy",60.5,28.26
1967,"fasy",40.2,25.7
1967,"fasy",41.1,25.85
1967,"fasy",28.4,22.96
1967,"fasy",41.5,25.92
1967,"fasy",37,25.09
1967,"fasy",39.7,25.61
1967,"fasy",42.2,26.04
1967,"fasy",37.5,25.19
1967,"fasy",40.5,25.75
1967,"fasy",42.2,26.04
1967,"fasy",31.7,23.88
1967,"fasy",38.5,25.39
1967,"fasy",26.2,22.25
1967,"fasy",36.8,25.05
1967,"fasy",35.5,24.78
1967,"fasy",41.9,25.99
1967,"fasy",29.7,23.34
1967,"fasy",34.4,24.53
1967,"fasy",24.6,21.68
1967,"fasy",41.3,25.89
1967,"fasy",33.9,24.42
1967,"fasy",28.7,23.05
1967,"fasy",47.5,26.83
1967,"fasy",38,25.29
1967,"fasy",39,25.48
1967,"fasy",28,22.83
1967,"fasy",30.2,23.48
1967,"fasy",29.3,23.22
1967,"fasy",33.9,24.42
1967,"fasy",38.4,25.37
1967,"fasy",21.1,20.23
1967,"fasy",29.3,23.22
1967,"fasy",24.3,21.56
1967,"fasy",30.4,23.53
1967,"fasy",44.9,26.46
1967,"fasy",22.1,20.67
1967,"fasy",40.6,25.77
1967,"fasy",32.6,24.11
1967,"fasy",34.8,24.62
1967,"fasy",18.1,18.71
1967,"fasy",39.8,25.63
1967,"fasy",37.6,25.21
1967,"fasy",38.6,25.4
1967,"fasy",29,23.14
1967,"fasy",34.9,24.64
1967,"fasy",44.5,26.4
1967,"fasy",28.8,23.08
1967,"fasy",23.2,21.13
1967,"fasy",30.9,23.67
1967,"fasy",31.9,23.93
1967,"fasy",33,24.2
1967,"fasy",35.9,24.86
1967,"fasy",43,26.17
1967,"fasy",38,25.29
1967,"fasy",50.4,27.2
1967,"fasy",27.6,22.71
1967,"fasy",45.3,26.52
1967,"fasy",46.7,26.72
1967,"fasy",35.3,24.73
1967,"fasy",21.8,20.54
1967,"fasy",31.3,23.77
1967,"fasy",37.7,25.23
1967,"fasy",54.8,27.7
1967,"fasy",35.7,24.82
1967,"fasy",48.4,26.95
1967,"fasy",49.5,27.09
1967,"fasy",44.4,26.39
1967,"fasy",44.9,26.46
1967,"fasy",20.8,20.09
1967,"fasy",38.4,25.37
1967,"fasy",38.8,25.44
1967,"fasy",23.2,21.13
1967,"fasy",40,25.66
1967,"fasy",51.4,27.32
1967,"fasy",49.9,27.14
1967,"fasy",48,26.9
1967,"fasy",54.8,27.7
1967,"fasy",39.5,25.57
1967,"fasy",20.8,20.09
1967,"fasy",26.5,22.35
1967,"fasy",37.1,25.11
1967,"fasy",41.3,25.89
1967,"fasy",52.2,27.42
1967,"fasy",32.8,24.16
1967,"fasy",29.1,23.16
1967,"fasy",38.1,25.31
1967,"fasy",36.7,25.03
1967,"fasy",34.9,24.64
1967,"fasy",35.3,24.73
1967,"fasy",44.3,26.37
1967,"fasy",24.5,21.64
1967,"fasy",37.5,25.19
1967,"fasy",42.6,26.1
1967,"fasy",37.8,25.25
1967,"fasy",34.2,24.49
1967,"fasy",43.8,26.29
1967,"fasy",30,23.42
1967,"fasy",28,22.83
1967,"fasy",26.1,22.21
1967,"fasy",55.2,27.75
1967,"fasy",43.5,26.25
1967,"fasy",43.3,26.22
1967,"fasy",44.9,26.46
1967,"fasy",46.4,26.68
1967,"fasy",38.8,25.44
1967,"fasy",33.1,24.23
1967,"fasy",17.8,18.54
1967,"fasy",42.8,26.14
1967,"fasy",39.5,25.57
1967,"fasy",34.5,24.55
1967,"fasy",50.9,27.26
1967,"fasy",32.7,24.13
1967,"fasy",32,23.96
1967,"fasy",37,25.09
1967,"fasy",41.7,25.96
1967,"fasy",35,24.67
1967,"fasy",32,23.96
1967,"fasy",34.6,24.58
1967,"fasy",32.5,24.08
1967,"fasy",32.2,24.01
1967,"fasy",40.3,25.72
1967,"fasy",48.5,26.96
1968,"fasy",34.8,24.62
1968,"fasy",41.8,25.97
1968,"fasy",39.6,25.59
1968,"fasy",30,23.42
1968,"fasy",33.3,24.28
1968,"fasy",45.1,26.49
1968,"fasy",50.7,27.24
1968,"fasy",30.7,23.62
1968,"fasy",44.7,26.43
1968,"fasy",23.8,21.37
1968,"fasy",40.9,25.82
1968,"fasy",41.3,25.89
1968,"fasy",39.1,25.5
1968,"fasy",41.1,25.85
1968,"fasy",52,27.39
1968,"fasy",37.8,25.25
1968,"fasy",46.1,26.63
1968,"fasy",31.1,23.72
1968,"fasy",49.3,27.06
1968,"fasy",41.8,25.97
1968,"fasy",41.5,25.92
1968,"fasy",45,26.48
1968,"fasy",28.9,23.11
1968,"fasy",46.3,26.66
1968,"fasy",40.9,25.82
1968,"fasy",33.9,24.42
1968,"fasy",23,21.05
1968,"fasy",21.5,20.41
1968,"fasy",21.4,20.36
1968,"fasy",40.1,25.68
1968,"fasy",20.1,19.75
1968,"fasy",30.7,23.62
1968,"fasy",30.4,23.53
1968,"fasy",27,22.52
1968,"fasy",36.8,25.05
1968,"fasy",27.3,22.61
1968,"fasy",24.7,21.71
1968,"fasy",19.5,19.45
1968,"fasy",43.1,26.18
1968,"fasy",30.9,23.67
1968,"fasy",34.5,24.55
1968,"fasy",32.6,24.11
1968,"fasy",37.7,25.23
1968,"fasy",40.3,25.72
1968,"fasy",47.2,26.79
1968,"fasy",39.5,25.57
1968,"fasy",36.4,24.97
1968,"fasy",47.4,26.82
1968,"fasy",26.1,22.21
1968,"fasy",28.3,22.93
1968,"fasy",43.2,26.2
1968,"fasy",47.4,26.82
1968,"fasy",41.4,25.91
1968,"fasy",31.4,23.8
1968,"fasy",27.9,22.8
1968,"fasy",27.4,22.64
1968,"fasy",39,25.48
1968,"fasy",41.1,25.85
1968,"fasy",40.6,25.77
1968,"fasy",31.4,23.8
1968,"fasy",38.9,25.46
1968,"fasy",25.3,21.93
1968,"fasy",48.4,26.95
1968,"fasy",52.4,27.44
1968,"fasy",30.7,23.62
1968,"fasy",37.8,25.25
1968,"fasy",22.6,20.89
1968,"fasy",46.5,26.69
1968,"fasy",38.1,25.31
1968,"fasy",21.4,20.36
1968,"fasy",43,26.17
1968,"fasy",29.7,23.34
1968,"fasy",40.5,25.75
1968,"fasy",37,25.09
1968,"fasy",38.3,25.35
1968,"fasy",30.7,23.62
1968,"fasy",39.4,25.55
1968,"fasy",29.7,23.34
1968,"fasy",29.7,23.34
1968,"fasy",42.3,26.06
1968,"fasy",45,26.48
1968,"fasy",39.8,25.63
1968,"fasy",38.3,25.35
1968,"fasy",33.5,24.32
1968,"fasy",43.7,26.28
1968,"fasy",40.1,25.68
1968,"fasy",43.7,26.28
1968,"fasy",48.4,26.95
1968,"fasy",40.2,25.7
1968,"fasy",46.6,26.71
1968,"fasy",18.1,18.71
1968,"fasy",65.4,28.67
1968,"fasy",30.7,23.62
1968,"fasy",39.8,25.63
1968,"fasy",43,26.17
1968,"fasy",37.3,25.15
1968,"fasy",45.5,26.55
1968,"fasy",27.6,22.71
1968,"fasy",36.4,24.97
1968,"fasy",38.7,25.42
1968,"fasy",36,24.88
1968,"fasy",43.7,26.28
1968,"fasy",42.4,26.07
1968,"fasy",35.4,24.75
1968,"fasy",31.1,23.72
1968,"fasy",19.2,19.3
1968,"fasy",41.9,25.99
1968,"fasy",24.6,21.68
1968,"fasy",26.5,22.35
1968,"fasy",36.7,25.03
1968,"fasy",33.3,24.28
1968,"fasy",18.6,18.98
1968,"fasy",42,26.01
1968,"fasy",37.4,25.17
1968,"fasy",37.9,25.27
1968,"fasy",44.8,26.45
1968,"fasy",17.4,18.31
1968,"fasy",47.8,26.87
1968,"fasy",36.5,24.99
1968,"fasy",40.6,25.77
1968,"fasy",44,26.32
1968,"fasy",30.7,23.62
1968,"fasy",61,28.3
1968,"fasy",40.7,25.79
1968,"fasy",41.5,25.92
1968,"fasy",28.6,23.02
1968,"fasy",41.9,25.99
1968,"fasy",37.4,25.17
1968,"fasy",40.2,25.7
1968,"fasy",42.6,26.1
1968,"fasy",37.9,25.27
1968,"fasy",40.9,25.82
1968,"fasy",42.4,26.07
1968,"fasy",32.1,23.98
1968,"fasy",39.1,25.5
1968,"fasy",26.4,22.32
1968,"fasy",37.3,25.15
1968,"fasy",35.8,24.84
1968,"fasy",42.5,26.09
1968,"fasy",30.1,23.45
1968,"fasy",34.7,24.6
1968,"fasy",24.8,21.75
1968,"fasy",42,26.01
1968,"fasy",34.2,24.49
1968,"fasy",28.7,23.05
1968,"fasy",48.1,26.91
1968,"fasy",38.2,25.33
1968,"fasy",39.3,25.53
1968,"fasy",28.4,22.96
1968,"fasy",30.2,23.48
1968,"fasy",29.7,23.34
1968,"fasy",34.4,24.53
1968,"fasy",38.8,25.44
1968,"fasy",29.5,23.28
1968,"fasy",24.7,21.71
1968,"fasy",30.6,23.59
1968,"fasy",45.7,26.58
1968,"fasy",22.2,20.72
1968,"fasy",41.2,25.87
1968,"fasy",32.9,24.18
1968,"fasy",35,24.67
1968,"fasy",18.2,18.76
1968,"fasy",40.2,25.7
1968,"fasy",37.8,25.25
1968,"fasy",39.1,25.5
1968,"fasy",29.4,23.25
1968,"fasy",35.4,24.75
1968,"fasy",45.1,26.49
1968,"fasy",29.3,23.22
1968,"fasy",24.1,21.49
1968,"fasy",31.4,23.8
1968,"fasy",32.1,23.98
1968,"fasy",33.7,24.37
1968,"fasy",36.4,24.97
1968,"fasy",43.6,26.26
1968,"fasy",38.2,25.33
1968,"fasy",51,27.27
1968,"fasy",27.8,22.77
1968,"fasy",45.9,26.61
1968,"fasy",47.4,26.82
1968,"fasy",36.1,24.9
1968,"fasy",21.8,20.54
1968,"fasy",31.6,23.85
1968,"fasy",38.3,25.35
1968,"fasy",55.4,27.77
1968,"fasy",36.2,24.93
1968,"fasy",48.9,27.01
1968,"fasy",49.8,27.13
1968,"fasy",44.8,26.45
1968,"fasy",45.7,26.58
1968,"fasy",21.1,20.23
1968,"fasy",39,25.48
1968,"fasy",39.3,25.53
1968,"fasy",23.2,21.13
1968,"fasy",40.3,25.72
1968,"fasy",51.8,27.37
1968,"fasy",50.5,27.21
1968,"fasy",48.6,26.97
1968,"fasy",55.4,27.77
1968,"fasy",39.7,25.61
1968,"fasy",20.8,20.09
1968,"fasy",26.8,22.45
1968,"fasy",37.7,25.23
1968,"fasy",41.8,25.97
1968,"fasy",53,27.51
1968,"fasy",33.2,24.25
1968,"fasy",29.7,23.34
1968,"fasy",38.7,25.42
1968,"fasy",37.2,25.13
1968,"fasy",35.3,24.73
1968,"fasy",35.3,24.73
1968,"fasy",44.9,26.46
1968,"fasy",24.8,21.75
1968,"fasy",38,25.29
1968,"fasy",43,26.17
1968,"fasy",38.3,25.35
1968,"fasy",34.3,24.51
1968,"fasy",44.3,26.37
1968,"fasy",30.4,23.53
1968,"fasy",28.8,23.08
1968,"fasy",26.3,22.28
1968,"fasy",55.7,27.8
1968,"fasy",44.1,26.34
1968,"fasy",43.4,26.23
1968,"fasy",45.5,26.55
1968,"fasy",46.8,26.73
1968,"fasy",39.6,25.59
1968,"fasy",33.6,24.35
1968,"fasy",17.8,18.54
1968,"fasy",43.1,26.18
1968,"fasy",40.2,25.7
1968,"fasy",35,24.67
1968,"fasy",51.5,27.33
1968,"fasy",33.1,24.23
1968,"fasy",32.4,24.06
1968,"fasy",37.4,25.17
1968,"fasy",42.1,26.02
1968,"fasy",35.1,24.69
1968,"fasy",32.6,24.11
1968,"fasy",35,24.67
1968,"fasy",33,24.2
1968,"fasy",33.3,24.28
1968,"fasy",41,25.84
1968,"fasy",49,27.03
1969,"fasy",35.4,25.57
1969,"fasy",42.3,26.93
1969,"fasy",40.1,26.54
1969,"fasy",30.2,24.23
1969,"fasy",34,25.24
1969,"fasy",45.8,27.5
1969,"fasy",51.4,28.26
1969,"fasy",31,24.46
1969,"fasy",45.1,27.39
1969,"fasy",24,22.11
1969,"fasy",41.4,26.78
1969,"fasy",41.9,26.87
1969,"fasy",39.5,26.43
1969,"fasy",41.4,26.78
1969,"fasy",52.3,28.37
1969,"fasy",38.2,26.17
1969,"fasy",46.7,27.63
1969,"fasy",31.3,24.54
1969,"fasy",50,28.09
1969,"fasy",42.4,26.95
1969,"fasy",41.9,26.87
1969,"fasy",45.4,27.44
1969,"fasy",29.1,23.9
1969,"fasy",46.9,27.66
1969,"fasy",41.3,26.76
1969,"fasy",34.3,25.31
1969,"fasy",23.1,21.73
1969,"fasy",21.5,21.02
1969,"fasy",21.4,20.97
1969,"fasy",40.8,26.67
1969,"fasy",20.3,20.44
1969,"fasy",31,24.46
1969,"fasy",30.8,24.4
1969,"fasy",27.4,23.36
1969,"fasy",37.2,25.96
1969,"fasy",27.5,23.39
1969,"fasy",25,22.5
1969,"fasy",19.7,20.13
1969,"fasy",43.5,27.14
1969,"fasy",31.2,24.51
1969,"fasy",35,25.48
1969,"fasy",33.1,25.02
1969,"fasy",38.3,26.19
1969,"fasy",40.8,26.67
1969,"fasy",47.6,27.76
1969,"fasy",40,26.52
1969,"fasy",36.8,25.88
1969,"fasy",48,27.82
1969,"fasy",26.3,22.98
1969,"fasy",28.7,23.78
1969,"fasy",44,27.22
1969,"fasy",48.1,27.83
1969,"fasy",41.9,26.87
1969,"fasy",31.5,24.6
1969,"fasy",28.2,23.62
1969,"fasy",39.8,26.48
1969,"fasy",41.6,26.81
1969,"fasy",41.1,26.72
1969,"fasy",31.6,24.62
1969,"fasy",39.4,26.41
1969,"fasy",25.7,22.76
1969,"fasy",49,27.95
1969,"fasy",53.2,28.48
1969,"fasy",31.1,24.49
1969,"fasy",38.6,26.25
1969,"fasy",24.2,22.19
1969,"fasy",46.8,27.65
1969,"fasy",38.6,26.25
1969,"fasy",21.5,21.02
1969,"fasy",43.5,27.14
1969,"fasy",30.6,24.35
1969,"fasy",40.9,26.69
1969,"fasy",37.6,26.05
1969,"fasy",38.8,26.29
1969,"fasy",31.2,24.51
1969,"fasy",39.9,26.5
1969,"fasy",30.2,24.23
1969,"fasy",29.7,24.08
1969,"fasy",42.9,27.04
1969,"fasy",45.4,27.44
1969,"fasy",40.5,26.61
1969,"fasy",38.9,26.31
1969,"fasy",33.8,25.19
1969,"fasy",44.1,27.23
1969,"fasy",40.3,26.58
1969,"fasy",44.3,27.27
1969,"fasy",49,27.95
1969,"fasy",40.4,26.6
1969,"fasy",47.2,27.7
1969,"fasy",18.1,19.24
1969,"fasy",65.9,29.72
1969,"fasy",31.2,24.51
1969,"fasy",40.4,26.6
1969,"fasy",43.7,27.17
1969,"fasy",37.7,26.07
1969,"fasy",45.6,27.47
1969,"fasy",27.9,23.52
1969,"fasy",37.1,25.94
1969,"fasy",39.2,26.37
1969,"fasy",36.5,25.81
1969,"fasy",44.5,27.3
1969,"fasy",42.8,27.02
1969,"fasy",35.7,25.64
1969,"fasy",31.8,24.68
1969,"fasy",19.6,20.08
1969,"fasy",42.3,26.93
1969,"fasy",24.9,22.46
1969,"fasy",26.7,23.12
1969,"fasy",37.2,25.96
1969,"fasy",33.7,25.17
1969,"fasy",18.9,19.7
1969,"fasy",42.5,26.97
1969,"fasy",38,26.13
1969,"fasy",38.3,26.19
1969,"fasy",45.5,27.45
1969,"fasy",17.4,18.83
1969,"fasy",48.4,27.87
1969,"fasy",36.9,25.9
1969,"fasy",41.1,26.72
1969,"fasy",44.5,27.3
1969,"fasy",31.2,24.51
1969,"fasy",61,29.3
1969,"fasy",41.2,26.74
1969,"fasy",41.7,26.83
1969,"fasy",28.8,23.81
1969,"fasy",42.2,26.92
1969,"fasy",37.8,26.09
1969,"fasy",40.7,26.65
1969,"fasy",43.1,27.07
1969,"fasy",38.2,26.17
1969,"fasy",41.3,26.76
1969,"fasy",42.9,27.04
1969,"fasy",32.5,24.86
1969,"fasy",39.7,26.46
1969,"fasy",26.5,23.05
1969,"fasy",38.1,26.15
1969,"fasy",36.1,25.73
1969,"fasy",43.4,27.12
1969,"fasy",30.4,24.29
1969,"fasy",35.1,25.5
1969,"fasy",24.9,22.46
1969,"fasy",42.5,26.97
1969,"fasy",34.3,25.31
1969,"fasy",28.7,23.78
1969,"fasy",48.7,27.91
1969,"fasy",38.6,26.25
1969,"fasy",39.5,26.43
1969,"fasy",29.6,24.05
1969,"fasy",30.3,24.26
1969,"fasy",30.2,24.23
1969,"fasy",35.1,25.5
1969,"fasy",39.2,26.37
1969,"fasy",29.8,24.11
1969,"fasy",25,22.5
1969,"fasy",30.9,24.43
1969,"fasy",47.7,27.77
1969,"fasy",22.2,21.34
1969,"fasy",41.7,26.83
1969,"fasy",33.1,25.02
1969,"fasy",35.2,25.52
1969,"fasy",18.3,19.36
1969,"fasy",40.8,26.67
1969,"fasy",38,26.13
1969,"fasy",39.5,26.43
1969,"fasy",29.8,24.11
1969,"fasy",35.8,25.66
1969,"fasy",45.7,27.48
1969,"fasy",29.5,24.02
1969,"fasy",24.3,22.23
1969,"fasy",31.7,24.65
1969,"fasy",32.3,24.81
1969,"fasy",34.4,25.34
1969,"fasy",36.9,25.9
1969,"fasy",44.3,27.27
1969,"fasy",38.5,26.23
1969,"fasy",51.7,28.3
1969,"fasy",28,23.56
1969,"fasy",46.7,27.63
1969,"fasy",48,27.82
1969,"fasy",36.8,25.88
1969,"fasy",22,21.25
1969,"fasy",32,24.73
1969,"fasy",38.9,26.31
1969,"fasy",56,28.8
1969,"fasy",36.8,25.88
1969,"fasy",49.6,28.03
1969,"fasy",50.1,28.1
1969,"fasy",45.5,27.45
1969,"fasy",46.4,27.59
1969,"fasy",21.4,20.97
1969,"fasy",39.5,26.43
1969,"fasy",39.7,26.46
1969,"fasy",23.2,21.78
1969,"fasy",40.8,26.67
1969,"fasy",52.5,28.4
1969,"fasy",51.1,28.23
1969,"fasy",49.5,28.02
1969,"fasy",56,28.8
1969,"fasy",40.2,26.56
1969,"fasy",20.9,20.73
1969,"fasy",27,23.22
1969,"fasy",38.3,26.19
1969,"fasy",42.3,26.93
1969,"fasy",54,28.57
1969,"fasy",33.8,25.19
1969,"fasy",30.1,24.2
1969,"fasy",39.1,26.35
1969,"fasy",37.6,26.05
1969,"fasy",35.8,25.66
1969,"fasy",36.2,25.75
1969,"fasy",45.7,27.48
1969,"fasy",25,22.5
1969,"fasy",38.2,26.17
1969,"fasy",43.3,27.1
1969,"fasy",38.8,26.29
1969,"fasy",34.3,25.31
1969,"fasy",44.8,27.34
1969,"fasy",30.8,24.4
1969,"fasy",28.9,23.84
1969,"fasy",26.5,23.05
1969,"fasy",56.4,28.84
1969,"fasy",44.4,27.28
1969,"fasy",43.6,27.15
1969,"fasy",45.9,27.51
1969,"fasy",47.4,27.73
1969,"fasy",39.7,26.46
1969,"fasy",33.9,25.22
1969,"fasy",17.8,19.07
1969,"fasy",43.6,27.15
1969,"fasy",41.5,26.79
1969,"fasy",37.6,26.05
1969,"fasy",52.2,28.36
1969,"fasy",33.5,25.12
1969,"fasy",32.6,24.89
1969,"fasy",37.8,26.09
1969,"fasy",42.8,27.02
1969,"fasy",35.2,25.52
1969,"fasy",33.2,25.04
1969,"fasy",35.7,25.64
1969,"fasy",33.5,25.12
1969,"fasy",34,25.24
1969,"fasy",41.6,26.81
1969,"fasy",49.5,28.02
1970,"fasy",35.7,25.64
1970,"fasy",42.6,26.99
1970,"fasy",40.4,26.6
1970,"fasy",30.3,24.26
1970,"fasy",34.3,25.31
1970,"fasy",46.6,27.62
1970,"fasy",52,28.34
1970,"fasy",31.2,24.51
1970,"fasy",24.2,22.19
1970,"fasy",41.8,26.85
1970,"fasy",42.7,27
1970,"fasy",40,26.52
1970,"fasy",41.8,26.85
1970,"fasy",53.2,28.48
1970,"fasy",38.6,26.25
1970,"fasy",47.2,27.7
1970,"fasy",31.6,24.62
1970,"fasy",50.9,28.2
1970,"fasy",42.8,27.02
1970,"fasy",42.3,26.93
1970,"fasy",45.8,27.5
1970,"fasy",29.2,23.93
1970,"fasy",47.1,27.69
1970,"fasy",41.6,26.81
1970,"fasy",34.5,25.36
1970,"fasy",23.2,21.78
1970,"fasy",21.5,21.02
1970,"fasy",21.4,20.97
1970,"fasy",41.2,26.74
1970,"fasy",20.5,20.54
1970,"fasy",31.2,24.51
1970,"fasy",31,24.46
1970,"fasy",27.8,23.49
1970,"fasy",37.6,26.05
1970,"fasy",27.9,23.52
1970,"fasy",25.2,22.58
1970,"fasy",19.8,20.18
1970,"fasy",43.9,27.2
1970,"fasy",31.6,24.62
1970,"fasy",35.5,25.59
1970,"fasy",33.5,25.12
1970,"fasy",38.7,26.27
1970,"fasy",41,26.71
1970,"fasy",48.4,27.87
1970,"fasy",40.4,26.6
1970,"fasy",37.3,25.98
1970,"fasy",48.7,27.91
1970,"fasy",26.7,23.12
1970,"fasy",28.9,23.84
1970,"fasy",44.6,27.31
1970,"fasy",48.5,27.89
1970,"fasy",42.5,26.97
1970,"fasy",31.7,24.65
1970,"fasy",28.6,23.75
1970,"fasy",39.9,26.5
1970,"fasy",42,26.88
1970,"fasy",41.5,26.79
1970,"fasy",31.6,24.62
1970,"fasy",40.1,26.54
1970,"fasy",26,22.87
1970,"fasy",49.6,28.03
1970,"fasy",54,28.57
1970,"fasy",31.4,24.57
1970,"fasy",39.2,26.37
1970,"fasy",24.2,22.19
1970,"fasy",47,27.67
1970,"fasy",39,26.33
1970,"fasy",21.5,21.02
1970,"fasy",44.3,27.27
1970,"fasy",30.9,24.43
1970,"fasy",41.3,26.76
1970,"fasy",38.2,26.17
1970,"fasy",39.2,26.37
1970,"fasy",31.6,24.62
1970,"fasy",40.1,26.54
1970,"fasy",30.7,24.37
1970,"fasy",29.7,24.08
1970,"fasy",43.5,27.14
1970,"fasy",45.8,27.5
1970,"fasy",41,26.71
1970,"fasy",39.2,26.37
1970,"fasy",34,25.24
1970,"fasy",44.6,27.31
1970,"fasy",40.8,26.67
1970,"fasy",45,27.38
1970,"fasy",49.9,28.07
1970,"fasy",40.7,26.65
1970,"fasy",47.9,27.8
1970,"fasy",18.2,19.3
1970,"fasy",67,29.81
1970,"fasy",31.6,24.62
1970,"fasy",40.8,26.67
1970,"fasy",44.2,27.25
1970,"fasy",38,26.13
1970,"fasy",46,27.53
1970,"fasy",28.1,23.59
1970,"fasy",37.7,26.07
1970,"fasy",39.6,26.45
1970,"fasy",37,25.92
1970,"fasy",45.1,27.39
1970,"fasy",43.2,27.09
1970,"fasy",36,25.7
1970,"fasy",32.4,24.84
1970,"fasy",19.6,20.08
1970,"fasy",42.8,27.02
1970,"fasy",25.2,22.58
1970,"fasy",26.8,23.15
1970,"fasy",37.8,26.09
1970,"fasy",33.9,25.22
1970,"fasy",43.2,27.09
1970,"fasy",38.2,26.17
1970,"fasy",38.6,26.25
1970,"fasy",45.8,27.5
1970,"fasy",17.5,18.89
1970,"fasy",49,27.95
1970,"fasy",37.3,25.98
1970,"fasy",41.5,26.79
1970,"fasy",45.1,27.39
1970,"fasy",31.8,24.68
1970,"fasy",62.2,29.41
1970,"fasy",41.8,26.85
1970,"fasy",42.1,26.9
1970,"fasy",29.2,23.93
1970,"fasy",42.8,27.02
1970,"fasy",38.1,26.15
1970,"fasy",41.3,26.76
1970,"fasy",43.4,27.12
1970,"fasy",38.6,26.25
1970,"fasy",41.8,26.85
1970,"fasy",43.2,27.09
1970,"fasy",33,24.99
1970,"fasy",40.7,26.65
1970,"fasy",26.8,23.15
1970,"fasy",38.2,26.17
1970,"fasy",36.1,25.73
1970,"fasy",43.7,27.17
1970,"fasy",30.8,24.4
1970,"fasy",35.6,25.61
1970,"fasy",25.2,22.58
1970,"fasy",43,27.05
1970,"fasy",34.6,25.38
1970,"fasy",28.8,23.81
1970,"fasy",49.3,27.99
1970,"fasy",38.9,26.31
1970,"fasy",39.8,26.48
1970,"fasy",30.2,24.23
1970,"fasy",30.4,24.29
1970,"fasy",30.8,24.4
1970,"fasy",35.7,25.64
1970,"fasy",39.7,26.46
1970,"fasy",30.1,24.2
1970,"fasy",25.5,22.69
1970,"fasy",31.3,24.54
1970,"fasy",48.4,27.87
1970,"fasy",22.2,21.34
1970,"fasy",42.5,26.97
1970,"fasy",33.4,25.09
1970,"fasy",35.6,25.61
1970,"fasy",18.5,19.47
1970,"fasy",41.6,26.81
1970,"fasy",38.3,26.19
1970,"fasy",40,26.52
1970,"fasy",30.1,24.2
1970,"fasy",36.7,25.86
1970,"fasy",46.3,27.57
1970,"fasy",29.8,24.11
1970,"fasy",24.6,22.35
1970,"fasy",32.1,24.76
1970,"fasy",32.7,24.92
1970,"fasy",35.1,25.5
1970,"fasy",37.6,26.05
1970,"fasy",44.8,27.34
1970,"fasy",38.9,26.31
1970,"fasy",52.5,28.4
1970,"fasy",28.4,23.68
1970,"fasy",47,27.67
1970,"fasy",48.5,27.89
1970,"fasy",37.5,26.03
1970,"fasy",22,21.25
1970,"fasy",32.2,24.78
1970,"fasy",39.8,26.48
1970,"fasy",56.6,28.86
1970,"fasy",37.8,26.09
1970,"fasy",50.5,28.15
1970,"fasy",50.8,28.19
1970,"fasy",46.1,27.54
1970,"fasy",47.2,27.7
1970,"fasy",21.6,21.07
1970,"fasy",40,26.52
1970,"fasy",40.1,26.54
1970,"fasy",23.3,21.82
1970,"fasy",41.2,26.74
1970,"fasy",53.1,28.47
1970,"fasy",51.8,28.31
1970,"fasy",49.7,28.05
1970,"fasy",57,28.9
1970,"fasy",40.5,26.61
1970,"fasy",20.9,20.73
1970,"fasy",27,23.22
1970,"fasy",38.8,26.29
1970,"fasy",42.8,27.02
1970,"fasy",55,28.69
1970,"fasy",34.2,25.29
1970,"fasy",30.6,24.35
1970,"fasy",39.7,26.46
1970,"fasy",38.3,26.19
1970,"fasy",36.3,25.77
1970,"fasy",36.7,25.86
1970,"fasy",45.9,27.51
1970,"fasy",25.2,22.58
1970,"fasy",38.2,26.17
1970,"fasy",43.6,27.15
1970,"fasy",39.1,26.35
1970,"fasy",34.5,25.36
1970,"fasy",45.3,27.42
1970,"fasy",31.2,24.51
1970,"fasy",29.4,23.99
1970,"fasy",26.7,23.12
1970,"fasy",56.7,28.87
1970,"fasy",45.3,27.42
1970,"fasy",44.2,27.25
1970,"fasy",46.8,27.65
1970,"fasy",47.9,27.8
1970,"fasy",40,26.52
1970,"fasy",34.4,25.34
1970,"fasy",18,19.18
1970,"fasy",44,27.22
1970,"fasy",41.9,26.87
1970,"fasy",38.1,26.15
1970,"fasy",53.1,28.47
1970,"fasy",33.9,25.22
1970,"fasy",33,24.99
1970,"fasy",38.2,26.17
1970,"fasy",43.1,27.07
1970,"fasy",35.5,25.59
1970,"fasy",33.4,25.09
1970,"fasy",36,25.7
1970,"fasy",34,25.24
1970,"fasy",34.2,25.29
1970,"fasy",42.5,26.97
1970,"fasy",50,28.09
1971,"fasy",36,26.46
1971,"fasy",43,27.72
1971,"fasy",40.7,27.35
1971,"fasy",30.4,25.14
1971,"fasy",34.6,26.16
1971,"fasy",46.7,28.26
1971,"fasy",52.1,28.92
1971,"fasy",31.3,25.37
1971,"fasy",24.4,23.22
1971,"fasy",42.2,27.59
1971,"fasy",43,27.72
1971,"fasy",40.2,27.26
1971,"fasy",41.8,27.53
1971,"fasy",53.2,29.04
1971,"fasy",38.9,27.03
1971,"fasy",47.3,28.34
1971,"fasy",31.6,25.45
1971,"fasy",51,28.8
1971,"fasy",42.9,27.71
1971,"fasy",42.6,27.66
1971,"fasy",46.1,28.18
1971,"fasy",29.3,24.83
1971,"fasy",47.3,28.34
1971,"fasy",41.8,27.53
1971,"fasy",34.7,26.19
1971,"fasy",23.2,22.75
1971,"fasy",21.6,22.07
1971,"fasy",21.5,22.03
1971,"fasy",41.2,27.43
1971,"fasy",20.6,21.61
1971,"fasy",31.3,25.37
1971,"fasy",31.1,25.32
1971,"fasy",28,24.44
1971,"fasy",37.6,26.79
1971,"fasy",27.9,24.41
1971,"fasy",25.4,23.59
1971,"fasy",19.8,21.22
1971,"fasy",44,27.87
1971,"fasy",31.7,25.48
1971,"fasy",35.7,26.4
1971,"fasy",33.6,25.94
1971,"fasy",39,27.05
1971,"fasy",41.3,27.45
1971,"fasy",48.5,28.49
1971,"fasy",40.6,27.33
1971,"fasy",37.3,26.73
1971,"fasy",48.9,28.54
1971,"fasy",27,24.13
1971,"fasy",29,24.74
1971,"fasy",45.2,28.05
1971,"fasy",48.7,28.52
1971,"fasy",42.7,27.67
1971,"fasy",31.7,25.48
1971,"fasy",28.8,24.69
1971,"fasy",40.4,27.3
1971,"fasy",42.1,27.58
1971,"fasy",41.8,27.53
1971,"fasy",31.6,25.45
1971,"fasy",40.1,27.24
1971,"fasy",26.4,23.93
1971,"fasy",49.9,28.67
1971,"fasy",54.5,29.18
1971,"fasy",31.7,25.48
1971,"fasy",39.5,27.14
1971,"fasy",24.5,23.26
1971,"fasy",47.3,28.34
1971,"fasy",39.2,27.08
1971,"fasy",21.5,22.03
1971,"fasy",44.5,27.95
1971,"fasy",30.9,25.27
1971,"fasy",41.6,27.5
1971,"fasy",38.6,26.97
1971,"fasy",39.6,27.16
1971,"fasy",31.6,25.45
1971,"fasy",40.3,27.28
1971,"fasy",31.2,25.35
1971,"fasy",29.7,24.94
1971,"fasy",43.6,27.81
1971,"fasy",45.9,28.15
1971,"fasy",41.4,27.46
1971,"fasy",39.8,27.19
1971,"fasy",34.2,26.08
1971,"fasy",44.9,28.01
1971,"fasy",41.1,27.41
1971,"fasy",45.3,28.06
1971,"fasy",50.1,28.69
1971,"fasy",40.8,27.36
1971,"fasy",47.9,28.42
1971,"fasy",18.2,20.37
1971,"fasy",67.8,30.32
1971,"fasy",31.6,25.45
1971,"fasy",41.1,27.41
1971,"fasy",44.7,27.98
1971,"fasy",38.2,26.9
1971,"fasy",46.4,28.22
1971,"fasy",28.3,24.54
1971,"fasy",38,26.86
1971,"fasy",39.9,27.21
1971,"fasy",37,26.67
1971,"fasy",45.6,28.11
1971,"fasy",43.2,27.75
1971,"fasy",36.1,26.49
1971,"fasy",32.5,25.68
1971,"fasy",19.6,21.12
1971,"fasy",43.1,27.74
1971,"fasy",25.3,23.55
1971,"fasy",27,24.13
1971,"fasy",37.8,26.82
1971,"fasy",34.1,26.05
1971,"fasy",43.2,27.75
1971,"fasy",38.7,26.99
1971,"fasy",38.8,27.01
1971,"fasy",46,28.16
1971,"fasy",17.5,19.97
1971,"fasy",49.1,28.57
1971,"fasy",37.4,26.75
1971,"fasy",41.5,27.48
1971,"fasy",45.1,28.03
1971,"fasy",32,25.55
1971,"fasy",62.4,29.91
1971,"fasy",41.9,27.55
1971,"fasy",42.3,27.61
1971,"fasy",29.3,24.83
1971,"fasy",43,27.72
1971,"fasy",38.4,26.94
1971,"fasy",41.5,27.48
1971,"fasy",43.4,27.78
1971,"fasy",38.6,26.97
1971,"fasy",41.8,27.53
1971,"fasy",43.5,27.8
1971,"fasy",33.1,25.82
1971,"fasy",40.9,27.38
1971,"fasy",26.8,24.06
1971,"fasy",38.3,26.92
1971,"fasy",36.4,26.55
1971,"fasy",44,27.87
1971,"fasy",31.1,25.32
1971,"fasy",35.9,26.44
1971,"fasy",25.2,23.52
1971,"fasy",43.3,27.77
1971,"fasy",34.7,26.19
1971,"fasy",28.8,24.69
1971,"fasy",49.4,28.61
1971,"fasy",39,27.05
1971,"fasy",40.1,27.24
1971,"fasy",30.3,25.11
1971,"fasy",30.5,25.16
1971,"fasy",30.9,25.27
1971,"fasy",35.9,26.44
1971,"fasy",39.9,27.21
1971,"fasy",30.2,25.08
1971,"fasy",25.5,23.62
1971,"fasy",31.5,25.43
1971,"fasy",48.4,28.48
1971,"fasy",22.2,22.34
1971,"fasy",42.5,27.64
1971,"fasy",33.6,25.94
1971,"fasy",35.7,26.4
1971,"fasy",18.5,20.54
1971,"fasy",41.8,27.53
1971,"fasy",38.5,26.96
1971,"fasy",40.2,27.26
1971,"fasy",30.3,25.11
1971,"fasy",36.7,26.61
1971,"fasy",46.4,28.22
1971,"fasy",29.8,24.97
1971,"fasy",24.7,23.33
1971,"fasy",32.4,25.65
1971,"fasy",32.8,25.75
1971,"fasy",35.1,26.27
1971,"fasy",37.6,26.79
1971,"fasy",45.1,28.03
1971,"fasy",39.1,27.07
1971,"fasy",52.8,29
1971,"fasy",28.5,24.6
1971,"fasy",47.4,28.35
1971,"fasy",49.2,28.58
1971,"fasy",38,26.86
1971,"fasy",22,22.25
1971,"fasy",32.3,25.63
1971,"fasy",39.9,27.21
1971,"fasy",57.1,29.44
1971,"fasy",38.1,26.88
1971,"fasy",50.5,28.74
1971,"fasy",51.2,28.82
1971,"fasy",46.4,28.22
1971,"fasy",47.7,28.39
1971,"fasy",21.6,22.07
1971,"fasy",40.1,27.24
1971,"fasy",40.3,27.28
1971,"fasy",23.3,22.79
1971,"fasy",41.2,27.43
1971,"fasy",53.1,29.03
1971,"fasy",52,28.91
1971,"fasy",50.2,28.7
1971,"fasy",57.1,29.44
1971,"fasy",40.7,27.35
1971,"fasy",20.9,21.75
1971,"fasy",27,24.13
1971,"fasy",39.2,27.08
1971,"fasy",43.1,27.74
1971,"fasy",55.5,29.28
1971,"fasy",34.5,26.14
1971,"fasy",30.9,25.27
1971,"fasy",40,27.23
1971,"fasy",38.5,26.96
1971,"fasy",36.6,26.59
1971,"fasy",36.8,26.63
1971,"fasy",46.4,28.22
1971,"fasy",25.3,23.55
1971,"fasy",38.3,26.92
1971,"fasy",43.7,27.83
1971,"fasy",39.4,27.12
1971,"fasy",34.5,26.14
1971,"fasy",45.5,28.09
1971,"fasy",31.4,25.4
1971,"fasy",29.4,24.86
1971,"fasy",26.9,24.1
1971,"fasy",57.1,29.44
1971,"fasy",45.4,28.08
1971,"fasy",44.2,27.9
1971,"fasy",46.9,28.28
1971,"fasy",48.2,28.45
1971,"fasy",40.3,27.28
1971,"fasy",34.5,26.14
1971,"fasy",18,20.26
1971,"fasy",44.2,27.9
1971,"fasy",42,27.56
1971,"fasy",38.6,26.97
1971,"fasy",53.3,29.05
1971,"fasy",34.1,26.05
1971,"fasy",33.1,25.82
1971,"fasy",38.3,26.92
1971,"fasy",43.3,27.77
1971,"fasy",35.6,26.38
1971,"fasy",33.9,26.01
1971,"fasy",36.4,26.55
1971,"fasy",34.4,26.12
1971,"fasy",34.6,26.16
1971,"fasy",43,27.72
1971,"fasy",50.1,28.69
1972,"fasy",37,26.74
1972,"fasy",43.3,27.98
1972,"fasy",41.6,27.68
1972,"fasy",30.5,25.06
1972,"fasy",35.1,26.3
1972,"fasy",47.3,28.63
1972,"fasy",52.9,29.39
1972,"fasy",31.7,25.41
1972,"fasy",24.8,23.08
1972,"fasy",42.7,27.88
1972,"fasy",43.7,28.05
1972,"fasy",40.7,27.51
1972,"fasy",42.1,27.77
1972,"fasy",53.7,29.49
1972,"fasy",39.4,27.25
1972,"fasy",47.9,28.72
1972,"fasy",31.6,25.38
1972,"fasy",51.9,29.27
1972,"fasy",43.3,27.98
1972,"fasy",43.3,27.98
1972,"fasy",46.4,28.49
1972,"fasy",29.6,24.79
1972,"fasy",47.9,28.72
1972,"fasy",42.2,27.79
1972,"fasy",35.3,26.35
1972,"fasy",23.3,22.45
1972,"fasy",21.6,21.66
1972,"fasy",21.6,21.66
1972,"fasy",41.5,27.66
1972,"fasy",20.7,21.21
1972,"fasy",31.6,25.38
1972,"fasy",31.1,25.24
1972,"fasy",28.5,24.43
1972,"fasy",37.8,26.92
1972,"fasy",28.2,24.33
1972,"fasy",25.8,23.47
1972,"fasy",19.8,20.74
1972,"fasy",44.6,28.2
1972,"fasy",32.2,25.55
1972,"fasy",36.2,26.56
1972,"fasy",34.2,26.08
1972,"fasy",39.5,27.27
1972,"fasy",41.7,27.7
1972,"fasy",49.4,28.93
1972,"fasy",41.1,27.58
1972,"fasy",37.6,26.87
1972,"fasy",49.2,28.9
1972,"fasy",27.2,23.99
1972,"fasy",29.3,24.69
1972,"fasy",45.8,28.4
1972,"fasy",49.7,28.97
1972,"fasy",43.2,27.96
1972,"fasy",32,25.5
1972,"fasy",29.4,24.72
1972,"fasy",40.7,27.51
1972,"fasy",42.5,27.84
1972,"fasy",42.2,27.79
1972,"fasy",31.7,25.41
1972,"fasy",40.6,27.49
1972,"fasy",26.7,23.81
1972,"fasy",50.6,29.1
1972,"fasy",55.5,29.7
1972,"fasy",32.5,25.63
1972,"fasy",39.9,27.35
1972,"fasy",24.8,23.08
1972,"fasy",47.5,28.66
1972,"fasy",39.5,27.27
1972,"fasy",21.5,21.61
1972,"fasy",45.5,28.35
1972,"fasy",31.3,25.3
1972,"fasy",42.4,27.82
1972,"fasy",39,27.17
1972,"fasy",40.3,27.43
1972,"fasy",32,25.5
1972,"fasy",40.7,27.51
1972,"fasy",31.4,25.33
1972,"fasy",29.7,24.82
1972,"fasy",43.9,28.08
1972,"fasy",46,28.43
1972,"fasy",41.9,27.73
1972,"fasy",40.3,27.43
1972,"fasy",34.5,26.15
1972,"fasy",45.5,28.35
1972,"fasy",41.4,27.64
1972,"fasy",45.9,28.41
1972,"fasy",50.6,29.1
1972,"fasy",41.8,27.71
1972,"fasy",48.3,28.77
1972,"fasy",18.2,19.82
1972,"fasy",68.6,30.96
1972,"fasy",31.9,25.47
1972,"fasy",41.5,27.66
1972,"fasy",45.3,28.32
1972,"fasy",38.4,27.05
1972,"fasy",46.7,28.54
1972,"fasy",28.3,24.37
1972,"fasy",38.3,27.02
1972,"fasy",40.6,27.49
1972,"fasy",37.7,26.9
1972,"fasy",46.2,28.46
1972,"fasy",43.4,28
1972,"fasy",36.4,26.61
1972,"fasy",33,25.77
1972,"fasy",19.6,20.63
1972,"fasy",43.4,28
1972,"fasy",25.3,23.28
1972,"fasy",27.1,23.95
1972,"fasy",37.9,26.94
1972,"fasy",34.5,26.15
1972,"fasy",43.4,28
1972,"fasy",39,27.17
1972,"fasy",38.9,27.15
1972,"fasy",46.2,28.46
1972,"fasy",17.5,19.39
1972,"fasy",49.7,28.97
1972,"fasy",37.6,26.87
1972,"fasy",42.1,27.77
1972,"fasy",45.4,28.33
1972,"fasy",32.5,25.63
1972,"fasy",63,30.48
1972,"fasy",42.1,27.77
1972,"fasy",42.7,27.88
1972,"fasy",29.7,24.82
1972,"fasy",43.3,27.98
1972,"fasy",38.7,27.11
1972,"fasy",41.8,27.71
1972,"fasy",44,28.1
1972,"fasy",38.8,27.13
1972,"fasy",42.1,27.77
1972,"fasy",43.7,28.05
1972,"fasy",33.4,25.87
1972,"fasy",41.3,27.62
1972,"fasy",26.9,23.88
1972,"fasy",38.6,27.09
1972,"fasy",44.5,28.19
1972,"fasy",31.4,25.33
1972,"fasy",36.2,26.56
1972,"fasy",25.4,23.32
1972,"fasy",43.6,28.03
1972,"fasy",34.9,26.25
1972,"fasy",29,24.6
1972,"fasy",50.2,29.04
1972,"fasy",39.4,27.25
1972,"fasy",40.4,27.45
1972,"fasy",30.5,25.06
1972,"fasy",30.7,25.12
1972,"fasy",31.5,25.36
1972,"fasy",36.3,26.58
1972,"fasy",40.3,27.43
1972,"fasy",30.4,25.03
1972,"fasy",25.5,23.36
1972,"fasy",31.7,25.41
1972,"fasy",48.8,28.85
1972,"fasy",22.2,21.95
1972,"fasy",43,27.93
1972,"fasy",33.7,25.95
1972,"fasy",35.7,26.44
1972,"fasy",18.5,20
1972,"fasy",42,27.75
1972,"fasy",38.7,27.11
1972,"fasy",40.6,27.49
1972,"fasy",30.5,25.06
1972,"fasy",37.2,26.79
1972,"fasy",46.9,28.57
1972,"fasy",24.8,23.08
1972,"fasy",32.7,25.69
1972,"fasy",33.1,25.8
1972,"fasy",35.3,26.35
1972,"fasy",38,26.96
1972,"fasy",45.6,28.36
1972,"fasy",39.5,27.27
1972,"fasy",53.4,29.45
1972,"fasy",28.7,24.5
1972,"fasy",47.9,28.72
1972,"fasy",49.8,28.99
1972,"fasy",38.7,27.11
1972,"fasy",22.1,21.9
1972,"fasy",32.6,25.66
1972,"fasy",40.4,27.45
1972,"fasy",57.4,29.92
1972,"fasy",38.4,27.05
1972,"fasy",50.8,29.12
1972,"fasy",51.3,29.19
1972,"fasy",47,28.58
1972,"fasy",48.1,28.75
1972,"fasy",21.7,21.71
1972,"fasy",40.5,27.47
1972,"fasy",40.5,27.47
1972,"fasy",23.4,22.49
1972,"fasy",41.5,27.66
1972,"fasy",53.6,29.48
1972,"fasy",52.4,29.33
1972,"fasy",50.6,29.1
1972,"fasy",57.8,29.96
1972,"fasy",40.9,27.55
1972,"fasy",20.9,21.32
1972,"fasy",27.3,24.02
1972,"fasy",39.6,27.29
1972,"fasy",43.5,28.02
1972,"fasy",56.2,29.78
1972,"fasy",35,26.28
1972,"fasy",31.4,25.33
1972,"fasy",40.6,27.49
1972,"fasy",39,27.17
1972,"fasy",37,26.74
1972,"fasy",37.2,26.79
1972,"fasy",46.9,28.57
1972,"fasy",25.5,23.36
1972,"fasy",38.3,27.02
1972,"fasy",43.9,28.08
1972,"fasy",39.8,27.33
1972,"fasy",34.6,26.18
1972,"fasy",45.9,28.41
1972,"fasy",31.6,25.38
1972,"fasy",29.6,24.79
1972,"fasy",27.2,23.99
1972,"fasy",57.4,29.92
1972,"fasy",45.9,28.41
1972,"fasy",44.3,28.15
1972,"fasy",47,28.58
1972,"fasy",48.6,28.82
1972,"fasy",40.7,27.51
1972,"fasy",34.8,26.23
1972,"fasy",18.2,19.82
1972,"fasy",44.6,28.2
1972,"fasy",42.2,27.79
1972,"fasy",38.9,27.15
1972,"fasy",53.4,29.45
1972,"fasy",34.5,26.15
1972,"fasy",33.6,25.93
1972,"fasy",38.7,27.11
1972,"fasy",43.5,28.02
1972,"fasy",35.7,26.44
1972,"fasy",34.2,26.08
1972,"fasy",36.9,26.72
1972,"fasy",35,26.28
1972,"fasy",35.1,26.3
1972,"fasy",43.4,28
1972,"fasy",50.5,29.08
1973,"fasy",37,26.9
1973,"fasy",43.5,28.12
1973,"fasy",41.6,27.8
1973,"fasy",30.8,25.37
1973,"fasy",35.6,26.59
1973,"fasy",47.8,28.78
1973,"fasy",52.9,29.44
1973,"fasy",31.9,25.67
1973,"fasy",25.3,23.56
1973,"fasy",43.2,28.07
1973,"fasy",44.4,28.27
1973,"fasy",40.9,27.67
1973,"fasy",42.3,27.92
1973,"fasy",54,29.57
1973,"fasy",39.8,27.47
1973,"fasy",48.3,28.85
1973,"fasy",31.8,25.65
1973,"fasy",51.9,29.32
1973,"fasy",44,28.2
1973,"fasy",43.5,28.12
1973,"fasy",46.8,28.63
1973,"fasy",29.9,25.11
1973,"fasy",48.2,28.83
1973,"fasy",42.5,27.95
1973,"fasy",35.3,26.52
1973,"fasy",23.4,22.8
1973,"fasy",21.6,21.99
1973,"fasy",21.6,21.99
1973,"fasy",41.7,27.81
1973,"fasy",20.9,21.65
1973,"fasy",31.8,25.65
1973,"fasy",31.4,25.54
1973,"fasy",29,24.83
1973,"fasy",38.1,27.13
1973,"fasy",28.3,24.61
1973,"fasy",26,23.82
1973,"fasy",20,21.19
1973,"fasy",44.9,28.35
1973,"fasy",32.5,25.83
1973,"fasy",36.5,26.79
1973,"fasy",34.2,26.26
1973,"fasy",40.2,27.54
1973,"fasy",42,27.87
1973,"fasy",41.5,27.78
1973,"fasy",37.9,27.09
1973,"fasy",49.9,29.06
1973,"fasy",27.6,24.38
1973,"fasy",29.3,24.93
1973,"fasy",46.4,28.57
1973,"fasy",50,29.08
1973,"fasy",43.5,28.12
1973,"fasy",29.4,24.96
1973,"fasy",41.1,27.71
1973,"fasy",42.9,28.02
1973,"fasy",42.4,27.94
1973,"fasy",31.9,25.67
1973,"fasy",41,27.69
1973,"fasy",27,24.18
1973,"fasy",50.9,29.19
1973,"fasy",55.8,29.77
1973,"fasy",32.5,25.83
1973,"fasy",40.6,27.62
1973,"fasy",25.1,23.48
1973,"fasy",47.5,28.73
1973,"fasy",40,27.5
1973,"fasy",21.6,21.99
1973,"fasy",45.5,28.44
1973,"fasy",42.5,27.95
1973,"fasy",39.6,27.43
1973,"fasy",40.6,27.62
1973,"fasy",32.3,25.78
1973,"fasy",41.2,27.72
1973,"fasy",29.9,25.11
1973,"fasy",44.4,28.27
1973,"fasy",46.3,28.56
1973,"fasy",42.2,27.9
1973,"fasy",40.6,27.62
1973,"fasy",34.8,26.41
1973,"fasy",45.9,28.5
1973,"fasy",41.8,27.83
1973,"fasy",46.5,28.59
1973,"fasy",51.2,29.23
1973,"fasy",41.8,27.83
1973,"fasy",48.3,28.85
1973,"fasy",18.2,20.19
1973,"fasy",69.4,30.99
1973,"fasy",32.3,25.78
1973,"fasy",42,27.87
1973,"fasy",46.1,28.53
1973,"fasy",38.7,27.25
1973,"fasy",47.1,28.68
1973,"fasy",28.5,24.68
1973,"fasy",38.7,27.25
1973,"fasy",40.9,27.67
1973,"fasy",37.7,27.05
1973,"fasy",46.8,28.63
1973,"fasy",43.4,28.1
1973,"fasy",36.6,26.81
1973,"fasy",33.5,26.09
1973,"fasy",19.7,21.04
1973,"fasy",43.7,28.15
1973,"fasy",25.5,23.64
1973,"fasy",27.4,24.31
1973,"fasy",38.3,27.17
1973,"fasy",34.6,26.36
1973,"fasy",43.9,28.19
1973,"fasy",39.4,27.39
1973,"fasy",39.3,27.37
1973,"fasy",46.9,28.65
1973,"fasy",17.5,19.77
1973,"fasy",49.8,29.05
1973,"fasy",37.8,27.07
1973,"fasy",42.2,27.9
1973,"fasy",45.8,28.48
1973,"fasy",33.1,25.99
1973,"fasy",63.7,30.53
1973,"fasy",43.1,28.05
1973,"fasy",42.8,28
1973,"fasy",29.9,25.11
1973,"fasy",43.7,28.15
1973,"fasy",38.9,27.29
1973,"fasy",42.5,27.95
1973,"fasy",44.5,28.28
1973,"fasy",39,27.31
1973,"fasy",42.2,27.9
1973,"fasy",44,28.2
1973,"fasy",33.6,26.11
1973,"fasy",41.8,27.83
1973,"fasy",26.9,24.14
1973,"fasy",38.9,27.29
1973,"fasy",45,28.36
1973,"fasy",31.8,25.65
1973,"fasy",36.6,26.81
1973,"fasy",25.6,23.67
1973,"fasy",44,28.2
1973,"fasy",35.1,26.48
1973,"fasy",29,24.83
1973,"fasy",50.7,29.17
1973,"fasy",39.5,27.41
1973,"fasy",40.6,27.62
1973,"fasy",30.7,25.34
1973,"fasy",30.7,25.34
1973,"fasy",31.6,25.59
1973,"fasy",36.6,26.81
1973,"fasy",40.7,27.63
1973,"fasy",30.5,25.28
1973,"fasy",25.7,23.71
1973,"fasy",31.9,25.67
1973,"fasy",48.9,28.93
1973,"fasy",43.4,28.1
1973,"fasy",33.8,26.16
1973,"fasy",36,26.68
1973,"fasy",18.7,20.48
1973,"fasy",42.4,27.94
1973,"fasy",39,27.31
1973,"fasy",41,27.69
1973,"fasy",30.6,25.31
1973,"fasy",37.8,27.07
1973,"fasy",47.3,28.71
1973,"fasy",25,23.44
1973,"fasy",32.9,25.94
1973,"fasy",33.4,26.06
1973,"fasy",35.3,26.52
1973,"fasy",38.4,27.19
1973,"fasy",46,28.51
1973,"fasy",39.7,27.45
1973,"fasy",53.9,29.55
1973,"fasy",29,24.83
1973,"fasy",49.5,29.01
1973,"fasy",50.2,29.1
1973,"fasy",39.2,27.35
1973,"fasy",22.2,22.27
1973,"fasy",32.8,25.91
1973,"fasy",41,27.69
1973,"fasy",58,30
1973,"fasy",38.7,27.25
1973,"fasy",51.2,29.23
1973,"fasy",52.1,29.34
1973,"fasy",47.5,28.73
1973,"fasy",48.6,28.89
1973,"fasy",21.9,22.13
1973,"fasy",40.9,27.67
1973,"fasy",40.8,27.65
1973,"fasy",23.4,22.8
1973,"fasy",41.8,27.83
1973,"fasy",53.9,29.55
1973,"fasy",52.8,29.43
1973,"fasy",51.1,29.22
1973,"fasy",58.2,30.02
1973,"fasy",41.1,27.71
1973,"fasy",27.3,24.28
1973,"fasy",40,27.5
1973,"fasy",43.9,28.19
1973,"fasy",57,29.89
1973,"fasy",35.2,26.5
1973,"fasy",31.8,25.65
1973,"fasy",41,27.69
1973,"fasy",39.3,27.37
1973,"fasy",37.1,26.92
1973,"fasy",37.5,27.01
1973,"fasy",47.4,28.72
1973,"fasy",25.8,23.75
1973,"fasy",44.2,28.24
1973,"fasy",40.1,27.52
1973,"fasy",34.7,26.38
1973,"fasy",46.3,28.56
1973,"fasy",31.8,25.65
1973,"fasy",29.7,25.05
1973,"fasy",27.3,24.28
1973,"fasy",57.9,29.99
1973,"fasy",46.2,28.54
1973,"fasy",44.7,28.31
1973,"fasy",47.7,28.76
1973,"fasy",49,28.94
1973,"fasy",41,27.69
1973,"fasy",35.1,26.48
1973,"fasy",18.2,20.19
1973,"fasy",45.1,28.38
1973,"fasy",42.4,27.94
1973,"fasy",39.3,27.37
1973,"fasy",54.6,29.63
1973,"fasy",34.8,26.41
1973,"fasy",33.8,26.16
1973,"fasy",39,27.31
1973,"fasy",43.5,28.12
1973,"fasy",35.7,26.61
1973,"fasy",34.6,26.36
1973,"fasy",37.3,26.96
1973,"fasy",35.5,26.57
1973,"fasy",35.6,26.59
1973,"fasy",44.3,28.25
1973,"fasy",50.9,29.19
1977,"fasy",38.3,27.2
1977,"fasy",44.4,28.26
1977,"fasy",42.8,28.01
1977,"fasy",31.3,25.59
1977,"fasy",36.7,26.88
1977,"fasy",49.5,28.98
1977,"fasy",53.7,29.48
1977,"fasy",32.5,25.9
1977,"fasy",26.1,23.98
1977,"fasy",44.7,28.31
1977,"fasy",46.7,28.6
1977,"fasy",42.3,27.93
1977,"fasy",43.1,28.06
1977,"fasy",55.8,29.71
1977,"fasy",40.8,27.67
1977,"fasy",49.1,28.93
1977,"fasy",32.3,25.85
1977,"fasy",53.9,29.51
1977,"fasy",44.6,28.29
1977,"fasy",44.2,28.23
1977,"fasy",48.1,28.8
1977,"fasy",30.5,25.37
1977,"fasy",49.7,29.01
1977,"fasy",43.6,28.14
1977,"fasy",36.2,26.77
1977,"fasy",23.4,22.95
1977,"fasy",21.6,22.16
1977,"fasy",21.8,22.25
1977,"fasy",43.1,28.06
1977,"fasy",21,21.87
1977,"fasy",32.3,25.85
1977,"fasy",32.1,25.8
1977,"fasy",30.3,25.31
1977,"fasy",39.2,27.37
1977,"fasy",28.8,24.87
1977,"fasy",26.8,24.22
1977,"fasy",20,21.38
1977,"fasy",45.9,28.49
1977,"fasy",33.7,26.2
1977,"fasy",38.2,27.18
1977,"fasy",35,26.5
1977,"fasy",41.5,27.79
1977,"fasy",43.3,28.09
1977,"fasy",43.1,28.06
1977,"fasy",39,27.34
1977,"fasy",51.5,29.23
1977,"fasy",28.4,24.75
1977,"fasy",30.3,25.31
1977,"fasy",48.7,28.88
1977,"fasy",51.2,29.19
1977,"fasy",45.3,28.4
1977,"fasy",30,25.23
1977,"fasy",42.3,27.93
1977,"fasy",43.7,28.15
1977,"fasy",43.5,28.12
1977,"fasy",32.2,25.83
1977,"fasy",42.3,27.93
1977,"fasy",28,24.62
1977,"fasy",52.2,29.31
1977,"fasy",58.6,29.99
1977,"fasy",33.3,26.1
1977,"fasy",42.1,27.89
1977,"fasy",25.1,23.62
1977,"fasy",48.1,28.8
1977,"fasy",40.8,27.67
1977,"fasy",21.9,22.3
1977,"fasy",47.2,28.67
1977,"fasy",43.5,28.12
1977,"fasy",40.9,27.68
1977,"fasy",41.9,27.86
1977,"fasy",33.4,26.13
1977,"fasy",42.1,27.89
1977,"fasy",29.9,25.2
1977,"fasy",45.6,28.44
1977,"fasy",47.1,28.66
1977,"fasy",44,28.2
1977,"fasy",41.9,27.86
1977,"fasy",35.5,26.62
1977,"fasy",47.4,28.7
1977,"fasy",42.6,27.97
1977,"fasy",48,28.78
1977,"fasy",52.9,29.39
1977,"fasy",42.5,27.96
1977,"fasy",49.4,28.97
1977,"fasy",18.2,20.4
1977,"fasy",72.4,31.09
1977,"fasy",33.4,26.13
1977,"fasy",43.4,28.11
1977,"fasy",48,28.78
1977,"fasy",39.5,27.43
1977,"fasy",48.6,28.86
1977,"fasy",28.5,24.78
1977,"fasy",40.3,27.58
1977,"fasy",42.5,27.96
1977,"fasy",38.9,27.32
1977,"fasy",48.8,28.89
1977,"fasy",44.2,28.23
1977,"fasy",37.8,27.1
1977,"fasy",35.1,26.53
1977,"fasy",19.7,21.22
1977,"fasy",44.9,28.34
1977,"fasy",25.8,23.87
1977,"fasy",27.8,24.56
1977,"fasy",39.2,27.37
1977,"fasy",35.6,26.64
1977,"fasy",45.1,28.37
1977,"fasy",40.5,27.61
1977,"fasy",40.3,27.58
1977,"fasy",48.1,28.8
1977,"fasy",17.5,19.98
1977,"fasy",51.6,29.24
1977,"fasy",38.8,27.3
1977,"fasy",43,28.04
1977,"fasy",46.9,28.63
1977,"fasy",34.8,26.46
1977,"fasy",65.1,30.56
1977,"fasy",43.9,28.18
1977,"fasy",43.9,28.18
1977,"fasy",31,25.51
1977,"fasy",45,28.35
1977,"fasy",39.9,27.5
1977,"fasy",43.7,28.15
1977,"fasy",45.1,28.37
1977,"fasy",39.7,27.47
1977,"fasy",42.9,28.02
1977,"fasy",44.8,28.32
1977,"fasy",34.4,26.37
1977,"fasy",43.5,28.12
1977,"fasy",27.2,24.36
1977,"fasy",41,27.7
1977,"fasy",47.1,28.66
1977,"fasy",32.9,26
1977,"fasy",37.8,27.1
1977,"fasy",25.7,23.84
1977,"fasy",45.7,28.46
1977,"fasy",35.7,26.66
1977,"fasy",29,24.93
1977,"fasy",51.8,29.26
1977,"fasy",40.5,27.61
1977,"fasy",41.6,27.81
1977,"fasy",31.1,25.53
1977,"fasy",31.1,25.53
1977,"fasy",32.8,25.98
1977,"fasy",37.9,27.12
1977,"fasy",41.9,27.86
1977,"fasy",31.2,25.56
1977,"fasy",26.5,24.12
1977,"fasy",32.8,25.98
1977,"fasy",50,29.04
1977,"fasy",44.8,28.32
1977,"fasy",34.3,26.34
1977,"fasy",36.8,26.9
1977,"fasy",19.1,20.9
1977,"fasy",43.6,28.14
1977,"fasy",39.8,27.49
1977,"fasy",41.9,27.86
1977,"fasy",31,25.51
1977,"fasy",39.1,27.36
1977,"fasy",48.6,28.86
1977,"fasy",25.7,23.84
1977,"fasy",33.9,26.25
1977,"fasy",34.2,26.32
1977,"fasy",35.7,26.66
1977,"fasy",39.7,27.47
1977,"fasy",47.4,28.7
1977,"fasy",40.6,27.63
1977,"fasy",55.7,29.7
1977,"fasy",29.5,25.08
1977,"fasy",50.2,29.07
1977,"fasy",51.9,29.28
1977,"fasy",41.2,27.74
1977,"fasy",22.2,22.43
1977,"fasy",33.6,26.18
1977,"fasy",42.2,27.91
1977,"fasy",59.4,30.07
1977,"fasy",39.8,27.49
1977,"fasy",52.5,29.35
1977,"fasy",53.4,29.45
1977,"fasy",49.3,28.95
1977,"fasy",50.2,29.07
1977,"fasy",22.1,22.39
1977,"fasy",42,27.87
1977,"fasy",41.9,27.86
1977,"fasy",23.6,23.03
1977,"fasy",42.8,28.01
1977,"fasy",54.9,29.62
1977,"fasy",54.3,29.55
1977,"fasy",52.5,29.35
1977,"fasy",59.7,30.1
1977,"fasy",41.9,27.86
1977,"fasy",27.8,24.56
1977,"fasy",41.2,27.74
1977,"fasy",45.3,28.4
1977,"fasy",59.2,30.05
1977,"fasy",36.3,26.79
1977,"fasy",33.2,26.08
1977,"fasy",42.6,27.97
1977,"fasy",40.7,27.65
1977,"fasy",38.3,27.2
1977,"fasy",38.1,27.16
1977,"fasy",49.2,28.94
1977,"fasy",26.1,23.98
1977,"fasy",44.7,28.31
1977,"fasy",41.1,27.72
1977,"fasy",34.8,26.46
1977,"fasy",47.5,28.71
1977,"fasy",32.9,26
1977,"fasy",30.1,25.25
1977,"fasy",27.8,24.56
1977,"fasy",58.8,30.01
1977,"fasy",47.7,28.74
1977,"fasy",45.2,28.38
1977,"fasy",49,28.92
1977,"fasy",50.3,29.08
1977,"fasy",41.9,27.86
1977,"fasy",36.3,26.79
1977,"fasy",18.2,20.4
1977,"fasy",46.2,28.53
1977,"fasy",42.9,28.02
1977,"fasy",40.8,27.67
1977,"fasy",56.5,29.78
1977,"fasy",35.9,26.7
1977,"fasy",35.1,26.53
1977,"fasy",40.2,27.56
1977,"fasy",36.3,26.79
1977,"fasy",35.5,26.62
1977,"fasy",38.5,27.24
1977,"fasy",37.1,26.96
1977,"fasy",36.8,26.9
1977,"fasy",46.2,28.53
1977,"fasy",52.3,29.32
1980,"fasy",39.2,27.68
1980,"fasy",45.1,28.66
1980,"fasy",43.9,28.48
1980,"fasy",31.7,26.03
1980,"fasy",37.5,27.36
1980,"fasy",50.7,29.41
1980,"fasy",54.9,29.89
1980,"fasy",32.8,26.31
1980,"fasy",27,24.64
1980,"fasy",45.8,28.76
1980,"fasy",48.1,29.08
1980,"fasy",43.5,28.42
1980,"fasy",43.6,28.43
1980,"fasy",58.2,30.22
1980,"fasy",41.7,28.13
1980,"fasy",49.6,29.28
1980,"fasy",33,26.36
1980,"fasy",55.8,29.98
1980,"fasy",45.9,28.78
1980,"fasy",45.3,28.69
1980,"fasy",49,29.2
1980,"fasy",31.5,25.98
1980,"fasy",49.8,29.3
1980,"fasy",44.6,28.59
1980,"fasy",37.5,27.36
1980,"fasy",23.8,23.47
1980,"fasy",21.6,22.53
1980,"fasy",22,22.71
1980,"fasy",44.1,28.51
1980,"fasy",21.2,22.34
1980,"fasy",32.9,26.33
1980,"fasy",32.7,26.28
1980,"fasy",31.6,26
1980,"fasy",39.8,27.79
1980,"fasy",29.3,25.36
1980,"fasy",27.6,24.84
1980,"fasy",20.4,21.96
1980,"fasy",46.9,28.92
1980,"fasy",34.6,26.74
1980,"fasy",39.4,27.72
1980,"fasy",35.7,26.98
1980,"fasy",43,28.34
1980,"fasy",44.1,28.51
1980,"fasy",44.2,28.53
1980,"fasy",39.8,27.79
1980,"fasy",52.1,29.58
1980,"fasy",29.1,25.31
1980,"fasy",31.1,25.87
1980,"fasy",49.7,29.29
1980,"fasy",52.5,29.62
1980,"fasy",46.1,28.81
1980,"fasy",30.8,25.79
1980,"fasy",43.4,28.4
1980,"fasy",44.4,28.56
1980,"fasy",44.4,28.56
1980,"fasy",32.5,26.23
1980,"fasy",43.4,28.4
1980,"fasy",28.9,25.25
1980,"fasy",53.2,29.7
1980,"fasy",60.2,30.4
1980,"fasy",34.1,26.62
1980,"fasy",43.7,28.45
1980,"fasy",25.1,23.98
1980,"fasy",48.9,29.19
1980,"fasy",41.7,28.13
1980,"fasy",22.7,23.02
1980,"fasy",48.9,29.19
1980,"fasy",44.2,28.53
1980,"fasy",42.2,28.21
1980,"fasy",43,28.34
1980,"fasy",34.3,26.67
1980,"fasy",42.6,28.27
1980,"fasy",29.9,25.54
1980,"fasy",46.6,28.88
1980,"fasy",47.4,28.99
1980,"fasy",45.9,28.78
1980,"fasy",42.6,28.27
1980,"fasy",36.2,27.09
1980,"fasy",48.1,29.08
1980,"fasy",43.1,28.36
1980,"fasy",49.5,29.26
1980,"fasy",53.8,29.77
1980,"fasy",43.4,28.4
1980,"fasy",50.4,29.37
1980,"fasy",18.2,20.78
1980,"fasy",74.6,31.47
1980,"fasy",34.2,26.65
1980,"fasy",44.7,28.6
1980,"fasy",49.4,29.25
1980,"fasy",39.6,27.76
1980,"fasy",49.8,29.3
1980,"fasy",29.7,25.48
1980,"fasy",41.2,28.04
1980,"fasy",43.7,28.45
1980,"fasy",39.5,27.74
1980,"fasy",51,29.45
1980,"fasy",44.6,28.59
1980,"fasy",38.3,27.51
1980,"fasy",36.5,27.15
1980,"fasy",20,21.76
1980,"fasy",45.6,28.74
1980,"fasy",26.1,24.34
1980,"fasy",28.1,25
1980,"fasy",39.4,27.72
1980,"fasy",36.3,27.11
1980,"fasy",45.8,28.76
1980,"fasy",41.1,28.02
1980,"fasy",41.1,28.02
1980,"fasy",48.6,29.15
1980,"fasy",17.6,20.43
1980,"fasy",53.1,29.69
1980,"fasy",39.5,27.74
1980,"fasy",43.8,28.47
1980,"fasy",47.6,29.01
1980,"fasy",36.6,27.17
1980,"fasy",66.4,30.91
1980,"fasy",44.7,28.6
1980,"fasy",44.5,28.57
1980,"fasy",31.9,26.08
1980,"fasy",46,28.79
1980,"fasy",41.1,28.02
1980,"fasy",44.8,28.62
1980,"fasy",45.7,28.75
1980,"fasy",40.4,27.9
1980,"fasy",43.5,28.42
1980,"fasy",45.6,28.74
1980,"fasy",35.1,26.85
1980,"fasy",44.9,28.63
1980,"fasy",27.4,24.78
1980,"fasy",41,28.01
1980,"fasy",48.7,29.16
1980,"fasy",34.2,26.65
1980,"fasy",38.8,27.61
1980,"fasy",26.3,24.41
1980,"fasy",46.8,28.91
1980,"fasy",36.1,27.07
1980,"fasy",53.6,29.75
1980,"fasy",40.9,27.99
1980,"fasy",42.3,28.23
1980,"fasy",31.7,26.03
1980,"fasy",31.1,25.87
1980,"fasy",38.5,27.55
1980,"fasy",42.3,28.23
1980,"fasy",31.7,26.03
1980,"fasy",27.2,24.71
1980,"fasy",33.6,26.5
1980,"fasy",51.1,29.46
1980,"fasy",44.8,28.62
1980,"fasy",34.6,26.74
1980,"fasy",37.2,27.3
1980,"fasy",19.7,21.6
1980,"fasy",44.3,28.54
1980,"fasy",40.5,27.92
1980,"fasy",43,28.34
1980,"fasy",40.2,27.87
1980,"fasy",49.7,29.29
1980,"fasy",26.2,24.37
1980,"fasy",34.6,26.74
1980,"fasy",34.8,26.78
1980,"fasy",35.9,27.02
1980,"fasy",40.7,27.95
1980,"fasy",48.5,29.13
1980,"fasy",41.3,28.06
1980,"fasy",56.8,30.08
1980,"fasy",29.9,25.54
1980,"fasy",51.5,29.51
1980,"fasy",53.1,29.69
1980,"fasy",42.3,28.23
1980,"fasy",22.6,22.98
1980,"fasy",34.3,26.67
1980,"fasy",43.2,28.37
1980,"fasy",60.8,30.46
1980,"fasy",40.8,27.97
1980,"fasy",53.1,29.69
1980,"fasy",54.3,29.82
1980,"fasy",50.2,29.35
1980,"fasy",51.1,29.46
1980,"fasy",22.2,22.8
1980,"fasy",43,28.34
1980,"fasy",42.8,28.31
1980,"fasy",23.8,23.47
1980,"fasy",43.7,28.45
1980,"fasy",55.6,29.96
1980,"fasy",55.2,29.92
1980,"fasy",53.5,29.73
1980,"fasy",61.1,30.48
1980,"fasy",42.3,28.23
1980,"fasy",41.8,28.14
1980,"fasy",46.5,28.86
1980,"fasy",60.8,30.46
1980,"fasy",36.9,27.23
1980,"fasy",34.3,26.67
1980,"fasy",43.7,28.45
1980,"fasy",41.8,28.14
1980,"fasy",38.8,27.61
1980,"fasy",38.8,27.61
1980,"fasy",50.5,29.39
1980,"fasy",26.3,24.41
1980,"fasy",45.5,28.72
1980,"fasy",42.2,28.21
1980,"fasy",35,26.83
1980,"fasy",48.1,29.08
1980,"fasy",33.6,26.5
1980,"fasy",30.4,25.68
1980,"fasy",28.2,25.03
1980,"fasy",59.8,30.37
1980,"fasy",48.6,29.15
1980,"fasy",45.6,28.74
1980,"fasy",49.8,29.3
1980,"fasy",52,29.56
1980,"fasy",42.7,28.29
1980,"fasy",37.2,27.3
1980,"fasy",47.4,28.99
1980,"fasy",43.8,28.47
1980,"fasy",41.7,28.13
1980,"fasy",58,30.2
1980,"fasy",37.3,27.32
1980,"fasy",36.4,27.13
1980,"fasy",41.4,28.08
1980,"fasy",36.7,27.19
1980,"fasy",36.5,27.15
1980,"fasy",39.5,27.74
1980,"fasy",38.3,27.51
1980,"fasy",37.7,27.4
1980,"fasy",47.9,29.05
1980,"fasy",53.7,29.76
1985,"fasy",40.5,28.26
1985,"fasy",46.3,28.92
1985,"fasy",45.2,28.8
1985,"fasy",32.5,27.02
1985,"fasy",38.8,28.03
1985,"fasy",51.6,29.4
1985,"fasy",56.5,29.78
1985,"fasy",33.5,27.2
1985,"fasy",27.9,26.05
1985,"fasy",46.5,28.94
1985,"fasy",50.3,29.29
1985,"fasy",44.6,28.74
1985,"fasy",43.9,28.66
1985,"fasy",59.5,29.98
1985,"fasy",43.1,28.57
1985,"fasy",33.4,27.19
1985,"fasy",56.8,29.8
1985,"fasy",46.2,28.91
1985,"fasy",46,28.89
1985,"fasy",50.1,29.27
1985,"fasy",32.1,26.95
1985,"fasy",50.3,29.29
1985,"fasy",45.2,28.8
1985,"fasy",38.9,28.05
1985,"fasy",23.8,24.93
1985,"fasy",21.6,24.19
1985,"fasy",22.3,24.44
1985,"fasy",45.4,28.82
1985,"fasy",21.2,24.05
1985,"fasy",33.3,27.17
1985,"fasy",33.2,27.15
1985,"fasy",32.8,27.08
1985,"fasy",40.7,28.28
1985,"fasy",30,26.52
1985,"fasy",28.3,26.14
1985,"fasy",20.4,23.74
1985,"fasy",47.5,29.03
1985,"fasy",35.3,27.51
1985,"fasy",40.6,28.27
1985,"fasy",36.1,27.64
1985,"fasy",44.1,28.68
1985,"fasy",45.1,28.79
1985,"fasy",45.9,28.88
1985,"fasy",40.6,28.27
1985,"fasy",54,29.59
1985,"fasy",29.8,26.48
1985,"fasy",31.6,26.85
1985,"fasy",51.4,29.38
1985,"fasy",54,29.59
1985,"fasy",47,28.99
1985,"fasy",31.8,26.89
1985,"fasy",44.3,28.71
1985,"fasy",45.1,28.79
1985,"fasy",45.1,28.79
1985,"fasy",32.5,27.02
1985,"fasy",44.6,28.74
1985,"fasy",29.8,26.48
1985,"fasy",53.7,29.57
1985,"fasy",62.2,30.15
1985,"fasy",34.9,27.44
1985,"fasy",45.2,28.8
1985,"fasy",25.1,25.32
1985,"fasy",49.4,29.21
1985,"fasy",42.4,28.49
1985,"fasy",22.7,24.58
1985,"fasy",50.2,29.28
1985,"fasy",45.4,28.82
1985,"fasy",42.9,28.55
1985,"fasy",44.4,28.72
1985,"fasy",35.7,27.57
1985,"fasy",43.6,28.63
1985,"fasy",48.5,29.13
1985,"fasy",47.9,29.07
1985,"fasy",47.6,29.04
1985,"fasy",43.3,28.59
1985,"fasy",36.7,27.73
1985,"fasy",49.2,29.19
1985,"fasy",43.8,28.65
1985,"fasy",51,29.35
1985,"fasy",55.7,29.72
1985,"fasy",44.2,28.69
1985,"fasy",51.5,29.39
1985,"fasy",18.3,22.84
1985,"fasy",76.8,30.86
1985,"fasy",35.1,27.48
1985,"fasy",46,28.89
1985,"fasy",50.9,29.34
1985,"fasy",40.2,28.22
1985,"fasy",51.1,29.36
1985,"fasy",30.2,26.57
1985,"fasy",42.5,28.5
1985,"fasy",44.8,28.76
1985,"fasy",40.3,28.23
1985,"fasy",53.2,29.53
1985,"fasy",45.4,28.82
1985,"fasy",39.4,28.11
1985,"fasy",38,27.92
1985,"fasy",20,23.58
1985,"fasy",46.4,28.93
1985,"fasy",26.1,25.59
1985,"fasy",29,26.31
1985,"fasy",40,28.19
1985,"fasy",36.8,27.74
1985,"fasy",46.8,28.97
1985,"fasy",42.3,28.48
1985,"fasy",42.2,28.47
1985,"fasy",49.9,29.26
1985,"fasy",17.6,22.51
1985,"fasy",54.6,29.64
1985,"fasy",40.4,28.24
1985,"fasy",44.7,28.75
1985,"fasy",48.7,29.15
1985,"fasy",38.4,27.98
1985,"fasy",67.7,30.45
1985,"fasy",45.4,28.82
1985,"fasy",45.6,28.84
1985,"fasy",32.8,27.08
1985,"fasy",47.2,29
1985,"fasy",41.7,28.41
1985,"fasy",46.1,28.9
1985,"fasy",46.4,28.93
1985,"fasy",41,28.32
1985,"fasy",44.3,28.71
1985,"fasy",46.5,28.94
1985,"fasy",35.8,27.59
1985,"fasy",47.7,29.05
1985,"fasy",27.8,26.03
1985,"fasy",41.7,28.41
1985,"fasy",49.6,29.23
1985,"fasy",35.5,27.54
1985,"fasy",39.8,28.17
1985,"fasy",26.3,25.65
1985,"fasy",48,29.08
1985,"fasy",36.6,27.71
1985,"fasy",55,29.67
1985,"fasy",41.7,28.41
1985,"fasy",43.1,28.57
1985,"fasy",32.2,26.97
1985,"fasy",32,26.93
1985,"fasy",40,28.19
1985,"fasy",43.4,28.61
1985,"fasy",32.2,26.97
1985,"fasy",27.6,25.98
1985,"fasy",34.2,27.33
1985,"fasy",52.6,29.48
1985,"fasy",45.7,28.85
1985,"fasy",34.8,27.43
1985,"fasy",37.8,27.89
1985,"fasy",20,23.58
1985,"fasy",45.6,28.84
1985,"fasy",41.6,28.39
1985,"fasy",44.4,28.72
1985,"fasy",41.8,28.42
1985,"fasy",50.9,29.34
1985,"fasy",26.7,25.75
1985,"fasy",35.2,27.49
1985,"fasy",35.4,27.53
1985,"fasy",36.3,27.67
1985,"fasy",41.9,28.43
1985,"fasy",50.2,29.28
1985,"fasy",42.1,28.45
1985,"fasy",58.3,29.9
1985,"fasy",30.3,26.59
1985,"fasy",53.2,29.53
1985,"fasy",54.3,29.62
1985,"fasy",44.5,28.73
1985,"fasy",35,27.46
1985,"fasy",44.2,28.69
1985,"fasy",62.7,30.17
1985,"fasy",41.5,28.38
1985,"fasy",54.7,29.65
1985,"fasy",55.5,29.71
1985,"fasy",51.5,29.39
1985,"fasy",52.3,29.46
1985,"fasy",22.3,24.44
1985,"fasy",44.3,28.71
1985,"fasy",44.1,28.68
1985,"fasy",23.8,24.93
1985,"fasy",44.1,28.68
1985,"fasy",56.5,29.78
1985,"fasy",55.8,29.73
1985,"fasy",54.4,29.62
1985,"fasy",62.6,30.17
1985,"fasy",42.9,28.55
1985,"fasy",42.5,28.5
1985,"fasy",47.8,29.06
1985,"fasy",63,30.19
1985,"fasy",38.1,27.93
1985,"fasy",35.6,27.56
1985,"fasy",45.2,28.8
1985,"fasy",42.7,28.53
1985,"fasy",39.7,28.15
1985,"fasy",40.3,28.23
1985,"fasy",51.2,29.37
1985,"fasy",26.4,25.67
1985,"fasy",46.2,28.91
1985,"fasy",43.4,28.61
1985,"fasy",35.2,27.49
1985,"fasy",49.4,29.21
1985,"fasy",34.6,27.39
1985,"fasy",30.5,26.63
1985,"fasy",28.7,26.24
1985,"fasy",61,30.07
1985,"fasy",49.7,29.24
1985,"fasy",46.3,28.92
1985,"fasy",50.9,29.34
1985,"fasy",53,29.51
1985,"fasy",43.8,28.65
1985,"fasy",38.5,27.99
1985,"fasy",48.4,29.12
1985,"fasy",44.4,28.72
1985,"fasy",42.8,28.54
1985,"fasy",59.8,30
1985,"fasy",38,27.92
1985,"fasy",37.6,27.86
1985,"fasy",43,28.56
1985,"fasy",37.2,27.8
1985,"fasy",37.3,27.82
1985,"fasy",41.2,28.35
1985,"fasy",39.9,28.18
1985,"fasy",38.5,27.99
1985,"fasy",49.4,29.21
1985,"fasy",55.2,29.68
1990,"fasy",42,28.49
1990,"fasy",47.1,29.03
1990,"fasy",46.5,28.97
1990,"fasy",32.9,27.18
1990,"fasy",40,28.25
1990,"fasy",52.8,29.52
1990,"fasy",58.5,29.92
1990,"fasy",34.5,27.46
1990,"fasy",29.3,26.48
1990,"fasy",48.1,29.12
1990,"fasy",52.1,29.46
1990,"fasy",46.1,28.93
1990,"fasy",44.4,28.76
1990,"fasy",60.7,30.06
1990,"fasy",44.6,28.78
1990,"fasy",34.4,27.44
1990,"fasy",58.9,29.95
1990,"fasy",47.4,29.06
1990,"fasy",47,29.02
1990,"fasy",51.3,29.4
1990,"fasy",33.2,27.24
1990,"fasy",51.6,29.42
1990,"fasy",45.3,28.85
1990,"fasy",40.9,28.36
1990,"fasy",21.6,24.35
1990,"fasy",22.6,24.7
1990,"fasy",47.3,29.05
1990,"fasy",21.4,24.28
1990,"fasy",33.9,27.36
1990,"fasy",34,27.37
1990,"fasy",34.5,27.46
1990,"fasy",41.9,28.48
1990,"fasy",30.7,26.77
1990,"fasy",29.4,26.5
1990,"fasy",20.4,23.91
1990,"fasy",48.4,29.15
1990,"fasy",37.2,27.87
1990,"fasy",42.4,28.54
1990,"fasy",36.9,27.83
1990,"fasy",45.6,28.88
1990,"fasy",46.2,28.94
1990,"fasy",47.6,29.08
1990,"fasy",41.5,28.43
1990,"fasy",55.9,29.75
1990,"fasy",30.8,26.79
1990,"fasy",32.7,27.15
1990,"fasy",53.1,29.54
1990,"fasy",55.8,29.74
1990,"fasy",48.1,29.12
1990,"fasy",32.5,27.11
1990,"fasy",45.7,28.89
1990,"fasy",45.9,28.91
1990,"fasy",45.7,28.89
1990,"fasy",33,27.2
1990,"fasy",45.4,28.86
1990,"fasy",30.9,26.81
1990,"fasy",54,29.61
1990,"fasy",64.8,30.29
1990,"fasy",35.8,27.66
1990,"fasy",46.9,29.01
1990,"fasy",25.1,25.45
1990,"fasy",49.8,29.27
1990,"fasy",43.9,28.71
1990,"fasy",22.7,24.73
1990,"fasy",52.5,29.49
1990,"fasy",46.1,28.93
1990,"fasy",44.2,28.74
1990,"fasy",46.2,28.94
1990,"fasy",36.9,27.83
1990,"fasy",44.9,28.81
1990,"fasy",49.4,29.24
1990,"fasy",48.7,29.18
1990,"fasy",49.5,29.25
1990,"fasy",44.3,28.75
1990,"fasy",37.2,27.87
1990,"fasy",50.7,29.35
1990,"fasy",44.8,28.8
1990,"fasy",52.6,29.5
1990,"fasy",57.8,29.87
1990,"fasy",45.4,28.86
1990,"fasy",52.4,29.49
1990,"fasy",79.8,30.95
1990,"fasy",35.9,27.68
1990,"fasy",47.6,29.08
1990,"fasy",52.7,29.51
1990,"fasy",41,28.37
1990,"fasy",52.7,29.51
1990,"fasy",30.5,26.73
1990,"fasy",44,28.72
1990,"fasy",46.3,28.95
1990,"fasy",41.2,28.4
1990,"fasy",55.6,29.72
1990,"fasy",46.1,28.93
1990,"fasy",40.6,28.33
1990,"fasy",39.6,28.2
1990,"fasy",20,23.75
1990,"fasy",47.4,29.06
1990,"fasy",26.2,25.75
1990,"fasy",29.3,26.48
1990,"fasy",40.6,28.33
1990,"fasy",37.7,27.94
1990,"fasy",47.8,29.09
1990,"fasy",43.6,28.67
1990,"fasy",43.5,28.66
1990,"fasy",51,29.37
1990,"fasy",56.7,29.8
1990,"fasy",41,28.37
1990,"fasy",45.2,28.84
1990,"fasy",49.6,29.26
1990,"fasy",40.4,28.3
1990,"fasy",69.8,30.54
1990,"fasy",46.5,28.97
1990,"fasy",46.5,28.97
1990,"fasy",34,27.37
1990,"fasy",48.8,29.19
1990,"fasy",43.1,28.62
1990,"fasy",48,29.11
1990,"fasy",47.2,29.04
1990,"fasy",41.6,28.45
1990,"fasy",45.3,28.85
1990,"fasy",47.1,29.03
1990,"fasy",37.1,27.86
1990,"fasy",49.4,29.24
1990,"fasy",28,26.19
1990,"fasy",42.9,28.6
1990,"fasy",50.8,29.36
1990,"fasy",37.9,27.97
1990,"fasy",41.6,28.45
1990,"fasy",26.6,25.85
1990,"fasy",49.4,29.24
1990,"fasy",36.9,27.83
1990,"fasy",56.6,29.79
1990,"fasy",42.4,28.54
1990,"fasy",44,28.72
1990,"fasy",32.7,27.15
1990,"fasy",32.5,27.11
1990,"fasy",41.4,28.42
1990,"fasy",44.6,28.78
1990,"fasy",32.8,27.17
1990,"fasy",28.4,26.28
1990,"fasy",35.7,27.65
1990,"fasy",53.2,29.55
1990,"fasy",35.5,27.62
1990,"fasy",38.9,28.11
1990,"fasy",20.7,24.03
1990,"fasy",46.5,28.97
1990,"fasy",42.5,28.55
1990,"fasy",46,28.92
1990,"fasy",43.4,28.65
1990,"fasy",52.3,29.48
1990,"fasy",27.5,26.07
1990,"fasy",36.1,27.71
1990,"fasy",36.1,27.71
1990,"fasy",36.8,27.81
1990,"fasy",43.3,28.64
1990,"fasy",50.9,29.37
1990,"fasy",43.1,28.62
1990,"fasy",60.2,30.03
1990,"fasy",30.5,26.73
1990,"fasy",55.3,29.7
1990,"fasy",56.4,29.78
1990,"fasy",46.4,28.96
1990,"fasy",35.8,27.66
1990,"fasy",45.1,28.83
1990,"fasy",63.8,30.23
1990,"fasy",42.6,28.56
1990,"fasy",55.9,29.75
1990,"fasy",57,29.82
1990,"fasy",53.1,29.54
1990,"fasy",54,29.61
1990,"fasy",22.5,24.66
1990,"fasy",45.9,28.91
1990,"fasy",45.5,28.87
1990,"fasy",45.2,28.84
1990,"fasy",57.5,29.85
1990,"fasy",57.4,29.85
1990,"fasy",55.2,29.7
1990,"fasy",64.3,30.26
1990,"fasy",43.4,28.65
1990,"fasy",43.9,28.71
1990,"fasy",49.7,29.26
1990,"fasy",66,30.35
1990,"fasy",37,27.84
1990,"fasy",46.9,29.01
1990,"fasy",44.1,28.73
1990,"fasy",40.3,28.29
1990,"fasy",40.8,28.35
1990,"fasy",52.3,29.48
1990,"fasy",26.6,25.85
1990,"fasy",47,29.02
1990,"fasy",45.3,28.85
1990,"fasy",35.3,27.59
1990,"fasy",50.9,29.37
1990,"fasy",35.5,27.62
1990,"fasy",30.8,26.79
1990,"fasy",29.2,26.46
1990,"fasy",62.2,30.14
1990,"fasy",51.2,29.39
1990,"fasy",46.8,29
1990,"fasy",52.3,29.48
1990,"fasy",54.5,29.65
1990,"fasy",44.7,28.79
1990,"fasy",39.7,28.21
1990,"fasy",49.9,29.28
1990,"fasy",45.1,28.83
1990,"fasy",44,28.72
1990,"fasy",62.4,30.16
1990,"fasy",39,28.12
1990,"fasy",39.1,28.13
1990,"fasy",45,28.82
1990,"fasy",37.8,27.96
1990,"fasy",38.8,28.09
1990,"fasy",42.4,28.54
1990,"fasy",41.7,28.46
1990,"fasy",40,28.25
1990,"fasy",51,29.37
1990,"fasy",56.7,29.8
1996,"fasy",43.3,29.39
1996,"fasy",47.7,29.69
1996,"fasy",48,29.71
1996,"fasy",34,28.51
1996,"fasy",42.2,29.3
1996,"fasy",53.2,30.01
1996,"fasy",60.2,30.33
1996,"fasy",35.8,28.71
1996,"fasy",31,28.12
1996,"fasy",50.2,29.85
1996,"fasy",54.1,30.06
1996,"fasy",47.7,29.69
1996,"fasy",62.5,30.42
1996,"fasy",46.5,29.62
1996,"fasy",35.9,28.72
1996,"fasy",61,30.37
1996,"fasy",48.6,29.75
1996,"fasy",48,29.71
1996,"fasy",52.4,29.97
1996,"fasy",34.4,28.55
1996,"fasy",52.5,29.97
1996,"fasy",41.4,29.24
1996,"fasy",21.8,26.38
1996,"fasy",23.2,26.72
1996,"fasy",48.8,29.76
1996,"fasy",21.9,26.4
1996,"fasy",34.6,28.58
1996,"fasy",35,28.62
1996,"fasy",36.5,28.78
1996,"fasy",31.8,28.23
1996,"fasy",31,28.12
1996,"fasy",20.9,26.14
1996,"fasy",50,29.83
1996,"fasy",38.6,28.99
1996,"fasy",43.8,29.43
1996,"fasy",38.1,28.94
1996,"fasy",46.8,29.64
1996,"fasy",47.8,29.7
1996,"fasy",49,29.77
1996,"fasy",42.1,29.29
1996,"fasy",58.2,30.25
1996,"fasy",31.5,28.19
1996,"fasy",33.9,28.49
1996,"fasy",56.5,30.17
1996,"fasy",57.2,30.2
1996,"fasy",49.1,29.78
1996,"fasy",33.8,28.48
1996,"fasy",47,29.65
1996,"fasy",46.5,29.62
1996,"fasy",46.3,29.6
1996,"fasy",46.1,29.59
1996,"fasy",32.1,28.27
1996,"fasy",54.6,30.08
1996,"fasy",66.4,30.56
1996,"fasy",36.5,28.78
1996,"fasy",48.2,29.73
1996,"fasy",25.1,27.13
1996,"fasy",50.3,29.85
1996,"fasy",45.2,29.53
1996,"fasy",23.5,26.79
1996,"fasy",53.9,30.05
1996,"fasy",46.7,29.63
1996,"fasy",45.5,29.55
1996,"fasy",47.7,29.69
1996,"fasy",38.7,29
1996,"fasy",45.9,29.58
1996,"fasy",50.9,29.89
1996,"fasy",49.6,29.81
1996,"fasy",51.2,29.9
1996,"fasy",45.5,29.55
1996,"fasy",38.3,28.96
1996,"fasy",52.4,29.97
1996,"fasy",45.9,29.58
1996,"fasy",53.9,30.05
1996,"fasy",59.4,30.3
1996,"fasy",46.3,29.6
1996,"fasy",53.2,30.01
1996,"fasy",82,31
1996,"fasy",36.5,28.78
1996,"fasy",48.8,29.76
1996,"fasy",54,30.05
1996,"fasy",41.7,29.26
1996,"fasy",54.5,30.08
1996,"fasy",30.7,28.08
1996,"fasy",44.8,29.5
1996,"fasy",47.5,29.68
1996,"fasy",41.6,29.25
1996,"fasy",58.5,30.26
1996,"fasy",46.8,29.64
1996,"fasy",41,29.2
1996,"fasy",41.1,29.21
1996,"fasy",20,25.88
1996,"fasy",48.3,29.73
1996,"fasy",26.5,27.4
1996,"fasy",29.5,27.9
1996,"fasy",41.2,29.22
1996,"fasy",39.1,29.04
1996,"fasy",49.6,29.81
1996,"fasy",44.4,29.47
1996,"fasy",44.8,29.5
1996,"fasy",51.6,29.92
1996,"fasy",58.3,30.25
1996,"fasy",41.9,29.28
1996,"fasy",45.8,29.57
1996,"fasy",50.4,29.86
1996,"fasy",42.2,29.3
1996,"fasy",71.2,30.72
1996,"fasy",47.2,29.66
1996,"fasy",47.4,29.67
1996,"fasy",36.5,28.78
1996,"fasy",50.5,29.86
1996,"fasy",44.5,29.48
1996,"fasy",49.9,29.83
1996,"fasy",48.5,29.74
1996,"fasy",42.6,29.33
1996,"fasy",46.3,29.6
1996,"fasy",48.2,29.73
1996,"fasy",37.5,28.88
1996,"fasy",50.5,29.86
1996,"fasy",29,27.83
1996,"fasy",44.1,29.45
1996,"fasy",52,29.95
1996,"fasy",39.7,29.09
1996,"fasy",43.5,29.4
1996,"fasy",27.8,27.63
1996,"fasy",50.1,29.84
1996,"fasy",37.6,28.89
1996,"fasy",58.2,30.25
1996,"fasy",43.5,29.4
1996,"fasy",44.7,29.49
1996,"fasy",33.4,28.43
1996,"fasy",33.3,28.42
1996,"fasy",42.4,29.32
1996,"fasy",45.5,29.55
1996,"fasy",33.2,28.41
1996,"fasy",29.3,27.87
1996,"fasy",37.1,28.85
1996,"fasy",54,30.05
1996,"fasy",36.9,28.82
1996,"fasy",38.9,29.02
1996,"fasy",22.4,26.53
1996,"fasy",46.8,29.64
1996,"fasy",43.5,29.4
1996,"fasy",47.4,29.67
1996,"fasy",45,29.51
1996,"fasy",53.4,30.02
1996,"fasy",28.4,27.73
1996,"fasy",37.1,28.85
1996,"fasy",36.5,28.78
1996,"fasy",37.6,28.89
1996,"fasy",44.7,29.49
1996,"fasy",51.9,29.94
1996,"fasy",43.5,29.4
1996,"fasy",61.7,30.39
1996,"fasy",31,28.12
1996,"fasy",57.4,30.21
1996,"fasy",58.2,30.25
1996,"fasy",47.7,29.69
1996,"fasy",37.1,28.85
1996,"fasy",46.2,29.6
1996,"fasy",64.7,30.51
1996,"fasy",43.5,29.4
1996,"fasy",57.4,30.21
1996,"fasy",58.6,30.27
1996,"fasy",54.8,30.09
1996,"fasy",54.3,30.07
1996,"fasy",22.7,26.6
1996,"fasy",47.1,29.66
1996,"fasy",46.5,29.62
1996,"fasy",46,29.58
1996,"fasy",58,30.24
1996,"fasy",58.5,30.26
1996,"fasy",56.3,30.16
1996,"fasy",65.8,30.54
1996,"fasy",45,29.51
1996,"fasy",51.1,29.9
1996,"fasy",67.6,30.61
1996,"fasy",38,28.93
1996,"fasy",48.8,29.76
1996,"fasy",45,29.51
1996,"fasy",41,29.2
1996,"fasy",42.1,29.29
1996,"fasy",53.6,30.03
1996,"fasy",26.9,27.47
1996,"fasy",47.7,29.69
1996,"fasy",46.4,29.61
1996,"fasy",35.4,28.67
1996,"fasy",51.2,29.9
1996,"fasy",36.7,28.8
1996,"fasy",31,28.12
1996,"fasy",29.6,27.92
1996,"fasy",63.1,30.45
1996,"fasy",51.8,29.94
1996,"fasy",47.5,29.68
1996,"fasy",52.9,29.99
1996,"fasy",56.4,30.17
1996,"fasy",46.1,29.59
1996,"fasy",40.6,29.17
1996,"fasy",51.2,29.9
1996,"fasy",45.4,29.54
1996,"fasy",44.9,29.51
1996,"fasy",62.7,30.43
1996,"fasy",40,29.12
1996,"fasy",39.9,29.11
1996,"fasy",45.9,29.58
1996,"fasy",38.5,28.98
1996,"fasy",40.3,29.14
1996,"fasy",43.2,29.38
1996,"fasy",43.4,29.4
1996,"fasy",41.3,29.23
1996,"fasy",52.4,29.97
1996,"fasy",58,30.24
2000,"fasy",44.3,29.77
2000,"fasy",48.5,30.17
2000,"fasy",49.2,30.23
2000,"fasy",34.7,28.54
2000,"fasy",42.2,29.55
2000,"fasy",35.8,28.71
2000,"fasy",32.6,28.19
2000,"fasy",51.5,30.42
2000,"fasy",56.2,30.77
2000,"fasy",48.6,30.18
2000,"fasy",63.5,31.21
2000,"fasy",48.6,30.18
2000,"fasy",36.7,28.84
2000,"fasy",62,31.12
2000,"fasy",49.2,30.23
2000,"fasy",48.8,30.2
2000,"fasy",53,30.54
2000,"fasy",35.5,28.67
2000,"fasy",53.9,30.6
2000,"fasy",43.5,29.69
2000,"fasy",21.8,25.52
2000,"fasy",23.5,26.07
2000,"fasy",49.6,30.27
2000,"fasy",22.5,25.75
2000,"fasy",34.6,28.52
2000,"fasy",35.6,28.68
2000,"fasy",38.5,29.09
2000,"fasy",32.7,28.21
2000,"fasy",31.8,28.04
2000,"fasy",21.8,25.52
2000,"fasy",50.2,30.32
2000,"fasy",39.5,29.22
2000,"fasy",44.6,29.8
2000,"fasy",38.4,29.08
2000,"fasy",47.7,30.1
2000,"fasy",52.2,30.48
2000,"fasy",42.3,29.56
2000,"fasy",58.8,30.93
2000,"fasy",32.2,28.12
2000,"fasy",34,28.43
2000,"fasy",57.6,30.86
2000,"fasy",58.6,30.92
2000,"fasy",50,30.3
2000,"fasy",34.3,28.48
2000,"fasy",48.5,30.17
2000,"fasy",46.9,30.03
2000,"fasy",46.7,30.01
2000,"fasy",46.7,30.01
2000,"fasy",33.5,28.34
2000,"fasy",68,31.43
2000,"fasy",37.5,28.96
2000,"fasy",49.4,30.25
2000,"fasy",25.4,26.62
2000,"fasy",51,30.38
2000,"fasy",23.8,26.16
2000,"fasy",55.5,30.72
2000,"fasy",47.3,30.07
2000,"fasy",45.9,29.93
2000,"fasy",48.9,30.21
2000,"fasy",39.5,29.22
2000,"fasy",46.8,30.02
2000,"fasy",51.8,30.45
2000,"fasy",49.9,30.29
2000,"fasy",52.6,30.51
2000,"fasy",46,29.94
2000,"fasy",38.6,29.11
2000,"fasy",46.2,29.96
2000,"fasy",54.2,30.63
2000,"fasy",60.4,31.03
2000,"fasy",47.7,30.1
2000,"fasy",83.2,32.03
2000,"fasy",37.3,28.93
2000,"fasy",50,30.3
2000,"fasy",55.4,30.71
2000,"fasy",42,29.52
2000,"fasy",55.6,30.72
2000,"fasy",31.1,27.91
2000,"fasy",45.6,29.9
2000,"fasy",48.6,30.18
2000,"fasy",42.3,29.56
2000,"fasy",60.6,31.04
2000,"fasy",47,30.04
2000,"fasy",41.8,29.5
2000,"fasy",42.4,29.57
2000,"fasy",20,24.86
2000,"fasy",48.8,30.2
2000,"fasy",26.7,26.95
2000,"fasy",29.6,27.61
2000,"fasy",41.5,29.47
2000,"fasy",39.7,29.25
2000,"fasy",50.5,30.34
2000,"fasy",45.1,29.85
2000,"fasy",45.8,29.92
2000,"fasy",51.8,30.45
2000,"fasy",60.1,31.01
2000,"fasy",43.2,29.66
2000,"fasy",50.9,30.38
2000,"fasy",43.9,29.73
2000,"fasy",72.4,31.63
2000,"fasy",47.8,30.11
2000,"fasy",48.2,30.15
2000,"fasy",36.8,28.86
2000,"fasy",51.5,30.42
2000,"fasy",45.6,29.9
2000,"fasy",50.9,30.38
2000,"fasy",49.2,30.23
2000,"fasy",43.4,29.68
2000,"fasy",47.3,30.07
2000,"fasy",48.3,30.16
2000,"fasy",38.2,29.05
2000,"fasy",51.6,30.43
2000,"fasy",29.4,27.57
2000,"fasy",44.8,29.82
2000,"fasy",53.2,30.55
2000,"fasy",41,29.41
2000,"fasy",44.3,29.77
2000,"fasy",28.5,27.37
2000,"fasy",51.2,30.4
2000,"fasy",38.4,29.08
2000,"fasy",59,30.95
2000,"fasy",45.3,29.87
2000,"fasy",33.8,28.39
2000,"fasy",33.6,28.36
2000,"fasy",43.2,29.66
2000,"fasy",46,29.94
2000,"fasy",33.9,28.41
2000,"fasy",38.4,29.08
2000,"fasy",54.4,30.64
2000,"fasy",36.9,28.87
2000,"fasy",39.5,29.22
2000,"fasy",23.6,26.1
2000,"fasy",46.9,30.03
2000,"fasy",43.8,29.72
2000,"fasy",48.3,30.16
2000,"fasy",46.3,29.97
2000,"fasy",54.3,30.63
2000,"fasy",29.3,27.55
2000,"fasy",38.2,29.05
2000,"fasy",37,28.89
2000,"fasy",37.6,28.97
2000,"fasy",52.7,30.52
2000,"fasy",44.3,29.77
2000,"fasy",62.7,31.16
2000,"fasy",31.3,27.95
2000,"fasy",58.9,30.94
2000,"fasy",59.1,30.95
2000,"fasy",49.1,30.23
2000,"fasy",37.6,28.97
2000,"fasy",47,30.04
2000,"fasy",65.7,31.32
2000,"fasy",44.7,29.81
2000,"fasy",58.1,30.89
2000,"fasy",60.1,31.01
2000,"fasy",55.9,30.75
2000,"fasy",55.2,30.7
2000,"fasy",22.8,25.85
2000,"fasy",47.4,30.07
2000,"fasy",47.7,30.1
2000,"fasy",47.1,30.05
2000,"fasy",58.6,30.92
2000,"fasy",59.1,30.95
2000,"fasy",57.5,30.85
2000,"fasy",66.5,31.36
2000,"fasy",46.3,29.97
2000,"fasy",52.6,30.51
2000,"fasy",69,31.48
2000,"fasy",38.9,29.15
2000,"fasy",50,30.3
2000,"fasy",46.3,29.97
2000,"fasy",41.1,29.42
2000,"fasy",42.7,29.6
2000,"fasy",54.9,30.68
2000,"fasy",48.4,30.16
2000,"fasy",48.1,30.14
2000,"fasy",35.6,28.68
2000,"fasy",51.8,30.45
2000,"fasy",37.5,28.96
2000,"fasy",31.1,27.91
2000,"fasy",30.1,27.71
2000,"fasy",64,31.23
2000,"fasy",52.3,30.49
2000,"fasy",47.9,30.12
2000,"fasy",53.8,30.6
2000,"fasy",57.2,30.83
2000,"fasy",46.5,29.99
2000,"fasy",41.4,29.45
2000,"fasy",51.9,30.45
2000,"fasy",45.5,29.89
2000,"fasy",46.2,29.96
2000,"fasy",41,29.41
2000,"fasy",40.8,29.38
2000,"fasy",46.9,30.03
2000,"fasy",39.3,29.2
2000,"fasy",41.2,29.43
2000,"fasy",43.8,29.72
2000,"fasy",43.9,29.73
2000,"fasy",42.2,29.55
2000,"fasy",53.7,30.59
2000,"fasy",59.6,30.98
2005,"fasy",45.8,28.74
2005,"fasy",50.1,29.21
2005,"fasy",35.7,27.27
2005,"fasy",44.2,28.55
2005,"fasy",37,27.49
2005,"fasy",34.2,26.98
2005,"fasy",53.7,29.56
2005,"fasy",58,29.92
2005,"fasy",49.8,29.18
2005,"fasy",50.3,29.23
2005,"fasy",37.7,27.61
2005,"fasy",64.5,30.38
2005,"fasy",50,29.2
2005,"fasy",49.9,29.19
2005,"fasy",36.4,27.39
2005,"fasy",44.3,28.56
2005,"fasy",21.8,23.55
2005,"fasy",24.2,24.42
2005,"fasy",51.3,29.33
2005,"fasy",35.1,27.16
2005,"fasy",36.9,27.48
2005,"fasy",40.9,28.1
2005,"fasy",34.5,27.04
2005,"fasy",33.2,26.79
2005,"fasy",22.8,23.93
2005,"fasy",40.9,28.1
2005,"fasy",46,28.77
2005,"fasy",39.1,27.84
2005,"fasy",49.5,29.15
2005,"fasy",52.5,29.45
2005,"fasy",32.8,26.7
2005,"fasy",34.7,27.08
2005,"fasy",49.5,29.15
2005,"fasy",47.7,28.96
2005,"fasy",47.3,28.92
2005,"fasy",35.1,27.16
2005,"fasy",69.3,30.67
2005,"fasy",38.6,27.76
2005,"fasy",51,29.3
2005,"fasy",25.7,24.91
2005,"fasy",24.3,24.46
2005,"fasy",57.5,29.88
2005,"fasy",47.5,28.94
2005,"fasy",46.8,28.86
2005,"fasy",50.1,29.21
2005,"fasy",40.5,28.05
2005,"fasy",54.3,29.61
2005,"fasy",50.9,29.29
2005,"fasy",54.7,29.65
2005,"fasy",39.5,27.9
2005,"fasy",47.8,28.97
2005,"fasy",61.4,30.17
2005,"fasy",48.8,29.08
2005,"fasy",85.4,31.42
2005,"fasy",38,27.66
2005,"fasy",51.2,29.32
2005,"fasy",56.9,29.83
2005,"fasy",57.2,29.85
2005,"fasy",31.3,26.38
2005,"fasy",46.7,28.85
2005,"fasy",49.3,29.13
2005,"fasy",43.2,28.42
2005,"fasy",63.4,30.31
2005,"fasy",47.2,28.91
2005,"fasy",42.3,28.3
2005,"fasy",43.1,28.41
2005,"fasy",20,22.79
2005,"fasy",49.7,29.17
2005,"fasy",27,25.29
2005,"fasy",29.8,26.03
2005,"fasy",42.1,28.27
2005,"fasy",41,28.12
2005,"fasy",51.4,29.34
2005,"fasy",45.8,28.74
2005,"fasy",47.3,28.92
2005,"fasy",61.8,30.2
2005,"fasy",52,29.4
2005,"fasy",45.8,28.74
2005,"fasy",73.4,30.89
2005,"fasy",48.8,29.08
2005,"fasy",49,29.1
2005,"fasy",37.8,27.63
2005,"fasy",53.4,29.53
2005,"fasy",46.7,28.85
2005,"fasy",52.5,29.45
2005,"fasy",50,29.2
2005,"fasy",44.2,28.55
2005,"fasy",48.2,29.02
2005,"fasy",49.2,29.12
2005,"fasy",38.4,27.73
2005,"fasy",52.3,29.43
2005,"fasy",30,26.08
2005,"fasy",46.1,28.78
2005,"fasy",54.1,29.59
2005,"fasy",42.9,28.38
2005,"fasy",46,28.77
2005,"fasy",29.3,25.9
2005,"fasy",52,29.4
2005,"fasy",39,27.82
2005,"fasy",46,28.77
2005,"fasy",34.3,27
2005,"fasy",33.6,26.87
2005,"fasy",34.3,27
2005,"fasy",39.4,27.88
2005,"fasy",37.6,27.59
2005,"fasy",41,28.12
2005,"fasy",25.2,24.75
2005,"fasy",49.2,29.12
2005,"fasy",47.7,28.96
2005,"fasy",55.4,29.71
2005,"fasy",30.1,26.1
2005,"fasy",39.2,27.85
2005,"fasy",37.7,27.61
2005,"fasy",37.6,27.59
2005,"fasy",45,28.65
2005,"fasy",63.1,30.29
2005,"fasy",31.6,26.45
2005,"fasy",60.7,30.12
2005,"fasy",60,30.07
2005,"fasy",50.9,29.29
2005,"fasy",38,27.66
2005,"fasy",48.3,29.03
2005,"fasy",45.5,28.71
2005,"fasy",59.2,30.01
2005,"fasy",57.4,29.87
2005,"fasy",55.9,29.75
2005,"fasy",22.9,23.97
2005,"fasy",48.8,29.08
2005,"fasy",48,28.99
2005,"fasy",58.8,29.98
2005,"fasy",59.7,30.05
2005,"fasy",58.6,29.96
2005,"fasy",47.5,28.94
2005,"fasy",54.4,29.62
2005,"fasy",71.1,30.77
2005,"fasy",51.7,29.37
2005,"fasy",47.4,28.93
2005,"fasy",41.7,28.22
2005,"fasy",43.4,28.45
2005,"fasy",49.7,29.17
2005,"fasy",35.7,27.27
2005,"fasy",52.3,29.43
2005,"fasy",38.1,27.68
2005,"fasy",31.3,26.38
2005,"fasy",30.5,26.19
2005,"fasy",64.9,30.4
2005,"fasy",53.5,29.54
2005,"fasy",48.6,29.06
2005,"fasy",54.1,29.59
2005,"fasy",58.5,29.96
2005,"fasy",47.6,28.95
2005,"fasy",42.4,28.31
2005,"fasy",53.1,29.5
2005,"fasy",47.7,28.96
2005,"fasy",41.9,28.25
2005,"fasy",42,28.26
2005,"fasy",48,28.99
2005,"fasy",40.2,28
2005,"fasy",42.6,28.34
2005,"fasy",44.7,28.61
2005,"fasy",45.3,28.68
2005,"fasy",43,28.39
2005,"fasy",55,29.67
2005,"fasy",61.3,30.16
2009,"fasy",48.3,30.05
2009,"fasy",45.9,29.79
2009,"fasy",38.2,28.8
2009,"fasy",35.9,28.43
2009,"fasy",55.2,30.66
2009,"fasy",61.3,31.1
2009,"fasy",51,30.31
2009,"fasy",39.3,28.96
2009,"fasy",66.8,31.44
2009,"fasy",51.8,30.38
2009,"fasy",37.5,28.69
2009,"fasy",45.6,29.76
2009,"fasy",23.5,25.46
2009,"fasy",25.6,26.12
2009,"fasy",53.2,30.5
2009,"fasy",35.4,28.34
2009,"fasy",38.2,28.8
2009,"fasy",43.5,29.51
2009,"fasy",36.5,28.53
2009,"fasy",34.8,28.24
2009,"fasy",24.8,25.88
2009,"fasy",41.8,29.3
2009,"fasy",48.2,30.04
2009,"fasy",39.7,29.02
2009,"fasy",51.4,30.34
2009,"fasy",55.6,30.7
2009,"fasy",33.8,28.05
2009,"fasy",51,30.31
2009,"fasy",48.4,30.06
2009,"fasy",37.3,28.66
2009,"fasy",71.5,31.69
2009,"fasy",39.7,29.02
2009,"fasy",52.9,30.47
2009,"fasy",27.7,26.71
2009,"fasy",26.8,26.47
2009,"fasy",59.4,30.98
2009,"fasy",48.7,30.09
2009,"fasy",48.9,30.11
2009,"fasy",51.9,30.39
2009,"fasy",56.4,30.76
2009,"fasy",51.6,30.36
2009,"fasy",56.4,30.76
2009,"fasy",41,29.2
2009,"fasy",49.1,30.13
2009,"fasy",62.6,31.19
2009,"fasy",51,30.31
2009,"fasy",87.6,32.35
2009,"fasy",38.8,28.89
2009,"fasy",52.4,30.43
2009,"fasy",58.8,30.93
2009,"fasy",59,30.95
2009,"fasy",31.8,27.66
2009,"fasy",48.5,30.07
2009,"fasy",51.1,30.31
2009,"fasy",44.2,29.6
2009,"fasy",66,31.39
2009,"fasy",44.1,29.59
2009,"fasy",20.2,24.21
2009,"fasy",50.7,30.28
2009,"fasy",30.2,27.31
2009,"fasy",42,29.33
2009,"fasy",53.8,30.55
2009,"fasy",48.1,30.03
2009,"fasy",63.7,31.26
2009,"fasy",52.7,30.46
2009,"fasy",47.3,29.94
2009,"fasy",74.8,31.84
2009,"fasy",50.3,30.24
2009,"fasy",50.8,30.29
2009,"fasy",38.5,28.84
2009,"fasy",55.3,30.67
2009,"fasy",48,30.02
2009,"fasy",54,30.57
2009,"fasy",50.4,30.25
2009,"fasy",45.5,29.75
2009,"fasy",49.3,30.14
2009,"fasy",50.2,30.23
2009,"fasy",39.1,28.93
2009,"fasy",54.1,30.57
2009,"fasy",31,27.49
2009,"fasy",46.9,29.9
2009,"fasy",45,29.69
2009,"fasy",47.8,30
2009,"fasy",30.1,27.29
2009,"fasy",53.4,30.52
2009,"fasy",39.9,29.04
2009,"fasy",46.9,29.9
2009,"fasy",34.7,28.22
2009,"fasy",33.7,28.03
2009,"fasy",35,28.27
2009,"fasy",42.3,29.37
2009,"fasy",42.1,29.34
2009,"fasy",28.5,26.91
2009,"fasy",49.9,30.2
2009,"fasy",57.3,30.83
2009,"fasy",31.8,27.66
2009,"fasy",41.2,29.22
2009,"fasy",37.9,28.75
2009,"fasy",45.9,29.79
2009,"fasy",64.1,31.28
2009,"fasy",32.7,27.84
2009,"fasy",63.5,31.24
2009,"fasy",39.6,29
2009,"fasy",46.8,29.89
2009,"fasy",61.7,31.13
2009,"fasy",60.1,31.02
2009,"fasy",23.6,25.49
2009,"fasy",51,30.31
2009,"fasy",49.8,30.19
2009,"fasy",60.6,31.06
2009,"fasy",60.9,31.08
2009,"fasy",59.9,31.01
2009,"fasy",49.2,30.14
2009,"fasy",56.2,30.74
2009,"fasy",72.4,31.73
2009,"fasy",54.8,30.63
2009,"fasy",48.5,30.07
2009,"fasy",44,29.57
2009,"fasy",51.2,30.32
2009,"fasy",36.1,28.46
2009,"fasy",53.3,30.51
2009,"fasy",39.1,28.93
2009,"fasy",31.4,27.58
2009,"fasy",31.3,27.55
2009,"fasy",66.8,31.44
2009,"fasy",54.7,30.62
2009,"fasy",49.2,30.14
2009,"fasy",55,30.65
2009,"fasy",59.8,31
2009,"fasy",48.5,30.07
2009,"fasy",43.7,29.54
2009,"fasy",55,30.65
2009,"fasy",50.3,30.24
2009,"fasy",43.4,29.5
2009,"fasy",42.9,29.44
2009,"fasy",41.2,29.22
2009,"fasy",43.9,29.56
2009,"fasy",45.8,29.78
2009,"fasy",47.1,29.92
2009,"fasy",44.5,29.63
2014,"fasy",51.2,30.75
2014,"fasy",47.4,30.31
2014,"fasy",39.2,29.12
2014,"fasy",37.1,28.75
2014,"fasy",55.8,31.21
2014,"fasy",62.6,31.78
2014,"fasy",52.2,30.85
2014,"fasy",40.6,29.35
2014,"fasy",67.9,32.15
2014,"fasy",53.3,30.97
2014,"fasy",38.1,28.93
2014,"fasy",46.7,30.22
2014,"fasy",26.7,26.21
2014,"fasy",26.1,26.02
2014,"fasy",55.4,31.17
2014,"fasy",39.7,29.21
2014,"fasy",45.5,30.07
2014,"fasy",39.2,29.12
2014,"fasy",36.5,28.63
2014,"fasy",26.8,26.24
2014,"fasy",43,29.72
2014,"fasy",50.2,30.64
2014,"fasy",40.1,29.27
2014,"fasy",52.6,30.9
2014,"fasy",57.9,31.4
2014,"fasy",34.8,28.29
2014,"fasy",51.8,30.81
2014,"fasy",48.5,30.44
2014,"fasy",38.4,28.98
2014,"fasy",72.4,32.43
2014,"fasy",40.7,29.37
2014,"fasy",54.5,31.08
2014,"fasy",27.7,26.52
2014,"fasy",29.5,27.03
2014,"fasy",60.5,31.61
2014,"fasy",49.9,30.6
2014,"fasy",50.1,30.63
2014,"fasy",53.1,30.95
2014,"fasy",57.2,31.33
2014,"fasy",52.3,30.86
2014,"fasy",58.5,31.45
2014,"fasy",42.1,29.59
2014,"fasy",50.3,30.65
2014,"fasy",63.3,31.83
2014,"fasy",51.7,30.8
2014,"fasy",89.6,33.25
2014,"fasy",39.1,29.1
2014,"fasy",53.2,30.96
2014,"fasy",59.6,31.54
2014,"fasy",59.9,31.56
2014,"fasy",32.8,27.86
2014,"fasy",49.8,30.59
2014,"fasy",52.2,30.85
2014,"fasy",45.2,30.03
2014,"fasy",68.4,32.18
2014,"fasy",44.9,29.99
2014,"fasy",51.8,30.81
2014,"fasy",31,27.43
2014,"fasy",43.8,29.83
2014,"fasy",55,31.13
2014,"fasy",49,30.5
2014,"fasy",65.1,31.96
2014,"fasy",53.4,30.98
2014,"fasy",49,30.5
2014,"fasy",51.3,30.76
2014,"fasy",52.1,30.84
2014,"fasy",39.7,29.21
2014,"fasy",56.4,31.26
2014,"fasy",49.2,30.52
2014,"fasy",54.6,31.09
2014,"fasy",50.6,30.68
2014,"fasy",45.8,30.11
2014,"fasy",50.2,30.64
2014,"fasy",51.4,30.77
2014,"fasy",39.8,29.22
2014,"fasy",55.4,31.17
2014,"fasy",32.9,27.88
2014,"fasy",49.3,30.54
2014,"fasy",46.3,30.17
2014,"fasy",48.6,30.45
2014,"fasy",31.2,27.48
2014,"fasy",54.4,31.08
2014,"fasy",40.3,29.3
2014,"fasy",47.8,30.36
2014,"fasy",35.3,28.4
2014,"fasy",34,28.12
2014,"fasy",43.8,29.83
2014,"fasy",43.5,29.79
2014,"fasy",51.9,30.82
2014,"fasy",58.8,31.47
2014,"fasy",43.7,29.82
2014,"fasy",46.4,30.18
2014,"fasy",34.4,28.21
2014,"fasy",65.7,32
2014,"fasy",48,30.38
2014,"fasy",63,31.81
2014,"fasy",61.2,31.67
2014,"fasy",26,25.99
2014,"fasy",52.4,30.87
2014,"fasy",51.5,30.78
2014,"fasy",61.5,31.69
2014,"fasy",62.2,31.75
2014,"fasy",61.5,31.69
2014,"fasy",50.1,30.63
2014,"fasy",57.8,31.39
2014,"fasy",73.7,32.5
2014,"fasy",56.8,31.3
2014,"fasy",49.2,30.52
2014,"fasy",45.5,30.07
2014,"fasy",52.6,30.9
2014,"fasy",36.5,28.63
2014,"fasy",53.6,31
2014,"fasy",31.7,27.6
2014,"fasy",32.1,27.69
2014,"fasy",67.2,32.1
2014,"fasy",55.6,31.19
2014,"fasy",49.8,30.59
2014,"fasy",55.5,31.18
2014,"fasy",61.8,31.72
2014,"fasy",50.2,30.64
2014,"fasy",45,30
2014,"fasy",56.1,31.24
2014,"fasy",51.6,30.79
2014,"fasy",44.4,29.92
2014,"fasy",44.1,29.88
2014,"fasy",41.4,29.48
2014,"fasy",44.7,29.96
2014,"fasy",46.1,30.15
2014,"fasy",47.6,30.33
2014,"fasy",45.7,30.09
